date,% WEIGHTED ILI,%UNWEIGHTED ILI,AGE 0-4,AGE 25-49,AGE 5-24,AGE 65,ILITOTAL,NUM. OF PROVIDERS,TOTAL PATIENTS
10/6/2002,1.22262,1.16668,582,524,805,149,2060,754,176569
10/13/2002,1.33344,1.2165,683,585,872,127,2267,785,186355
10/20/2002,1.31929,1.13057,642,543,878,113,2176,831,192469
10/27/2002,1.49484,1.25246,728,672,1045,154,2599,863,207512
11/3/2002,1.47195,1.30237,823,741,1189,154,2907,909,223208
11/10/2002,1.58094,1.40551,887,886,1272,180,3225,930,229454
11/17/2002,1.49426,1.38437,851,898,1173,175,3097,923,223712
11/24/2002,1.40569,1.32563,802,817,1166,182,2967,922,223818
12/1/2002,1.6141,1.43475,834,711,978,186,2709,918,188814
12/8/2002,1.45967,1.25433,857,869,1117,206,3049,937,243078
12/15/2002,1.59896,1.25757,804,792,1179,182,2957,928,235136
12/22/2002,2.16697,1.58017,951,849,1404,212,3416,908,216179
12/29/2002,2.57842,1.98008,915,828,937,177,2857,865,144287
1/5/2003,2.38636,1.90428,1028,962,1019,251,3260,879,171193
1/12/2003,1.73621,1.5901,1068,1091,1296,274,3729,926,234513
1/19/2003,2.06296,1.81559,1154,1011,1798,241,4204,902,231550
1/26/2003,2.58113,2.41801,1373,1104,2998,221,5696,927,235566
2/2/2003,2.93909,2.86635,1411,1322,4064,282,7079,884,246969
2/9/2003,3.22539,3.16662,1606,1421,4447,308,7782,889,245751
2/16/2003,3.06982,3.0155,1568,1566,4224,291,7649,903,253656
2/23/2003,3.20044,2.9978,1694,1537,3689,308,7228,871,241110
3/2/2003,2.44888,2.31957,1336,1400,2583,287,5606,857,241683
3/9/2003,2.1344,1.94707,1015,1085,2103,247,4450,839,228549
3/16/2003,1.99866,1.72985,880,987,1669,274,3810,835,220250
3/23/2003,1.93849,1.51837,737,773,1321,156,2987,795,196724
3/30/2003,1.41293,1.22616,624,640,1016,159,2439,775,198913
4/6/2003,1.23472,1.05433,506,541,846,135,2028,741,192349
4/13/2003,1.20005,1.07108,569,551,799,163,2082,735,194383
4/20/2003,0.910135,0.82612,440,382,539,106,1467,669,177577
4/27/2003,0.932265,0.820505,429,394,508,114,1445,682,176111
5/4/2003,0.692175,0.630846,275,272,444,84,1075,655,170406
5/11/2003,0.669406,0.63935,215,245,471,74,1005,613,157191
5/18/2003,0.727705,0.586609,248,235,283,70,836,547,142514
5/25/2003,0.717701,0.773024,264,169,262,45,740,406,95728
6/1/2003,0.789394,0.790743,213,179,205,44,641,393,81063
6/8/2003,0.722129,0.711847,201,133,195,34,563,344,79090
6/15/2003,0.591326,0.794637,198,180,187,55,620,341,78023
6/22/2003,0.52307,0.586604,139,127,123,34,423,322,72110
6/29/2003,0.450236,0.615982,122,163,124,32,441,322,71593
7/6/2003,0.397421,0.491507,109,94,91,24,318,310,64699
7/13/2003,0.448002,0.604341,137,120,141,43,441,308,72972
7/20/2003,0.474767,0.524478,98,116,98,53,365,301,69593
7/27/2003,0.453251,0.590692,112,121,139,48,420,302,71103
8/3/2003,0.352158,0.505135,100,102,120,39,361,290,71466
8/10/2003,0.525322,0.634271,136,136,125,46,443,295,69844
8/17/2003,0.492991,0.610118,120,133,131,37,421,283,69003
8/24/2003,0.542728,0.641227,159,120,144,27,450,277,70178
8/31/2003,0.490347,0.661429,166,112,155,30,463,276,70000
9/7/2003,0.735914,0.792681,177,124,182,36,519,271,65474
9/14/2003,0.581771,0.639059,145,122,184,24,475,267,74328
9/21/2003,0.654162,0.636732,136,116,183,26,461,264,72401
9/28/2003,0.749504,0.747829,135,143,221,34,533,268,71273
10/5/2003,0.884021,0.960873,808,607,881,146,2442,830,254144
10/12/2003,1.02773,1.04325,913,696,1132,191,2932,931,281045
10/19/2003,1.28296,1.0545,878,811,1147,195,3031,974,287436
10/26/2003,1.32661,1.11231,1006,884,1369,216,3475,1007,312412
11/2/2003,1.77304,1.41274,1207,1127,2080,276,4690,1074,331980
11/9/2003,2.43814,1.72703,1542,1249,2735,264,5790,1111,335258
11/16/2003,2.72605,2.407,2185,1757,4133,310,8385,1141,348359
11/23/2003,3.73192,3.10962,2561,2425,5684,471,11141,1129,358275
11/30/2003,4.54894,4.30779,3247,2890,4933,672,11742,1118,272576
12/7/2003,5.39906,4.8303,4734,5330,7817,1067,18948,1189,392274
12/14/2003,7.38735,6.42905,6620,5573,11550,1219,24962,1173,388269
12/21/2003,7.48097,6.86734,6434,5906,9851,1508,23699,1148,345097
12/28/2003,7.62797,7.06496,5336,4517,5231,1331,16415,1122,232344
1/4/2004,5.14051,4.55115,3391,3827,2894,1220,11332,1139,248992
1/11/2004,2.89129,2.41833,1930,2605,2299,768,7602,1160,314349
1/18/2004,2.10429,1.80906,1679,1586,1857,461,5583,1141,308614
1/25/2004,1.88696,1.71202,1721,1276,1604,360,4961,1084,289774
2/1/2004,1.7766,1.5425,1487,1067,1543,339,4436,1071,287586
2/8/2004,1.46001,1.43787,1454,1047,1448,302,4251,1054,295646
2/15/2004,1.37787,1.32427,1420,889,1297,218,3824,986,288762
2/22/2004,1.30532,1.30726,1301,876,1255,259,3691,1004,282347
2/29/2004,1.08691,1.03698,956,719,1038,203,2916,948,281202
3/7/2004,0.991888,1.01032,925,682,910,227,2744,894,271597
3/14/2004,1.02765,1.05249,878,764,888,178,2708,897,257294
3/21/2004,1.0579,1.02009,730,756,826,175,2487,849,243802
3/28/2004,0.849361,0.924419,760,628,733,179,2300,859,248805
4/4/2004,0.747127,0.790645,610,495,611,142,1858,828,234998
4/11/2004,0.661708,0.80261,583,440,566,116,1705,774,212432
4/18/2004,0.679514,0.83613,545,500,573,131,1749,755,209178
4/25/2004,0.633071,0.792436,501,461,511,142,1615,679,203802
5/2/2004,0.569894,0.683588,470,349,404,108,1331,658,194708
5/9/2004,0.591357,0.757452,435,383,491,85,1394,629,184038
5/16/2004,0.589044,0.788585,449,361,443,74,1327,599,168276
5/23/2004,0.67864,0.812171,451,337,380,94,1262,553,155386
5/30/2004,0.637558,0.804463,375,280,349,66,1070,463,133008
6/6/2004,0.813309,0.877701,391,289,308,73,1061,452,120884
6/13/2004,0.834551,0.741453,355,257,309,66,987,443,133117
6/20/2004,0.616174,0.661022,307,258,240,46,851,426,128740
6/27/2004,0.513286,0.715109,277,245,284,81,887,423,124037
7/4/2004,0.351881,0.562241,238,215,183,62,698,408,124146
7/11/2004,0.542621,0.786808,233,210,205,62,710,381,90238
7/18/2004,0.581036,0.860658,249,227,280,80,836,378,97135
7/25/2004,0.495486,0.689944,259,162,200,38,659,370,95515
8/1/2004,0.61209,0.779691,260,189,230,40,719,363,92216
8/8/2004,0.531491,0.628144,213,225,235,60,733,345,116693
8/15/2004,0.519987,0.902459,243,247,256,63,809,334,89644
8/22/2004,0.574476,0.806443,256,200,256,58,770,335,95481
8/29/2004,0.663175,0.874888,259,231,265,44,799,333,91326
9/5/2004,0.614691,0.993213,279,252,358,71,960,326,96656
9/12/2004,0.656823,0.876141,281,263,309,60,913,337,104207
9/19/2004,0.723016,0.948092,342,299,413,68,1122,341,118343
9/26/2004,0.691857,0.926943,322,268,416,83,1089,336,117483
10/3/2004,0.782758,0.971643,333,319,382,82,1116,364,114857
10/10/2004,0.982275,0.897159,877,853,1256,185,3171,1176,353449
10/17/2004,1.01821,1.02248,1071,971,1373,216,3631,1187,355116
10/24/2004,1.1768,1.06296,1240,1019,1534,226,4019,1267,378094
10/31/2004,1.30121,1.14696,1190,1223,1671,285,4369,1293,380921
11/7/2004,1.27746,1.20495,1327,1215,1718,291,4551,1302,377692
11/14/2004,1.40387,1.30517,1497,1279,1874,319,4969,1344,380718
11/21/2004,1.40301,1.28699,1531,1279,1874,299,4983,1336,387182
11/28/2004,1.73975,1.59468,1490,1274,1678,271,4713,1341,295546
12/5/2004,1.56894,1.39714,1538,1434,2059,376,5407,1369,387004
12/12/2004,1.65927,1.44996,1551,1450,2052,375,5428,1346,374356
12/19/2004,1.81341,1.61745,1670,1643,2071,371,5755,1379,355806
12/26/2004,2.37626,2.19112,1856,1608,1807,418,5689,1288,259639
1/2/2005,2.77052,2.56649,2252,2413,1993,621,7279,1332,283617
1/9/2005,2.40064,2.17645,2010,2869,2450,712,8041,1383,369455
1/16/2005,2.54155,2.20171,2188,2542,2982,611,8323,1342,378024
1/23/2005,2.85871,2.53012,2199,2839,3682,608,9328,1348,368678
1/30/2005,3.55011,3.06524,2747,3586,5364,725,12422,1334,405254
2/6/2005,4.58591,3.98061,3086,4498,7650,958,16192,1303,406772
2/13/2005,5.05809,4.59568,3626,5757,8854,1132,19369,1324,421461
2/20/2005,5.44151,4.75197,3834,6515,8400,1182,19931,1330,419426
2/27/2005,4.4729,4.17962,3720,5125,6759,1026,16630,1280,397883
3/6/2005,3.6752,3.45359,2997,4058,5343,836,13234,1268,383196
3/13/2005,3.3353,3.15852,2728,3634,4494,745,11601,1227,367292
3/20/2005,2.76224,2.6732,2416,2969,3513,604,9502,1185,355454
3/27/2005,2.46844,2.35161,2145,2434,2771,550,7900,1148,335940
4/3/2005,2.00081,1.89243,1827,1979,2133,390,6329,1103,334438
4/10/2005,1.54319,1.5249,1422,1327,1737,330,4816,1048,315823
4/17/2005,1.50195,1.41134,1356,1169,1603,317,4445,1000,314948
4/24/2005,1.22918,1.25068,1096,954,1469,306,3825,978,305833
5/1/2005,1.21854,1.20702,1117,894,1411,224,3646,971,302065
5/8/2005,1.15832,1.07895,903,762,1136,189,2990,923,277120
5/15/2005,1.249,1.14521,979,710,1115,208,3012,878,263009
5/22/2005,1.16888,1.06124,805,600,926,200,2531,825,238494
5/29/2005,1.07888,1.0568,687,518,695,156,2056,687,194550
6/5/2005,1.23059,1.25193,693,568,678,160,2099,637,167661
6/12/2005,1.14747,1.01419,548,462,594,140,1744,603,171960
6/19/2005,1.00254,1.04197,573,409,507,125,1614,582,154899
6/26/2005,0.957569,0.954027,580,431,507,110,1628,587,170645
7/3/2005,0.894837,0.84823,497,326,452,84,1359,550,160216
7/10/2005,0.798205,0.841872,426,313,390,69,1198,533,142302
7/17/2005,0.757812,0.730894,389,323,361,75,1148,524,157068
7/24/2005,0.825963,0.713432,333,303,364,68,1068,507,149699
7/31/2005,0.744927,0.670677,328,279,327,56,990,492,147612
8/7/2005,0.787049,0.689278,331,267,326,58,982,488,142468
8/14/2005,0.684724,0.704929,319,297,350,57,1023,479,145121
8/21/2005,0.747361,0.615903,330,225,326,47,928,480,150673
8/28/2005,0.673974,0.609426,292,265,311,54,922,428,151290
9/4/2005,0.869662,0.680259,342,273,367,51,1033,420,151854
9/11/2005,0.899529,0.775488,338,264,396,63,1061,416,136817
9/18/2005,0.854635,0.683421,302,289,383,52,1026,408,150127
9/25/2005,1.01123,0.781075,368,285,516,50,1219,419,156067
10/2/2005,0.977808,0.806943,381,276,484,63,1204,447,149205
10/9/2005,1.17778,1.07635,1172,924,1256,234,3586,1113,333164
10/16/2005,1.21947,1.05869,1285,853,1247,197,3582,1160,338343
10/23/2005,1.3069,1.11523,1393,992,1525,212,4122,1216,369609
10/30/2005,1.33931,1.12381,1439,997,1599,213,4248,1237,377999
11/6/2005,1.58374,1.25489,1639,1190,1894,282,5005,1280,398840
11/13/2005,1.47072,1.33661,1563,1251,1929,295,5038,1272,376924
11/20/2005,1.6112,1.37864,1679,1331,1951,315,5276,1277,382697
11/27/2005,1.82699,1.60829,1666,1249,1593,294,4802,1301,298578
12/4/2005,1.77482,1.48311,1858,1583,2176,349,5966,1325,402264
12/11/2005,1.94451,1.65374,1987,1534,2463,387,6371,1328,385248
12/18/2005,2.35512,2.00679,2241,1997,3063,396,7697,1318,383548
12/25/2005,3.10878,2.56857,2696,2293,3058,530,8577,1287,333921
1/1/2006,3.28238,3.05278,2678,2882,2561,721,8842,1273,289638
1/8/2006,2.62914,2.42504,2422,2817,2366,734,8339,1319,343871
1/15/2006,2.2515,2.00195,2272,2155,2921,534,7882,1339,393716
1/22/2006,2.35858,2.05869,2249,1999,3150,460,7858,1297,381699
1/29/2006,2.41881,2.21277,2643,2281,3646,544,9114,1331,411882
2/5/2006,2.52752,2.3222,2612,2288,4153,498,9551,1320,411291
2/12/2006,2.64954,2.49279,2754,2543,4593,537,10427,1311,418286
2/19/2006,3.12935,2.79489,2624,2992,4979,631,11226,1288,401661
2/26/2006,3.12442,2.96911,2753,3073,5284,791,11901,1288,400827
3/5/2006,3.13099,2.83959,2579,2989,5008,767,11343,1275,399459
3/12/2006,3.08261,2.77799,2564,2913,5106,678,11261,1257,405365
3/19/2006,2.64431,2.47287,2330,2231,4154,607,9322,1241,376971
3/26/2006,2.42295,2.18061,1895,1919,3709,541,8064,1217,369804
4/2/2006,2.31141,2.0168,1697,1745,3393,478,7313,1165,362605
4/9/2006,1.86383,1.64101,1437,1299,2660,342,5738,1133,349662
4/16/2006,1.44943,1.35829,1181,1067,2014,285,4547,1087,334760
4/23/2006,1.30227,1.1428,959,873,1479,239,3550,1045,310641
4/30/2006,1.13459,1.04031,836,779,1382,180,3177,1017,305389
5/7/2006,1.06255,0.964347,745,637,1208,190,2780,958,288278
5/14/2006,1.03428,0.937982,745,621,1039,187,2592,919,276338
5/21/2006,1.01791,0.947449,715,582,969,162,2428,877,256267
5/28/2006,0.918151,0.891918,699,452,764,146,2061,783,231075
6/4/2006,0.93099,0.864643,572,404,561,108,1645,649,190252
6/11/2006,0.857294,0.97032,754,564,626,131,2075,635,213847
6/18/2006,0.786294,0.84439,514,388,447,81,1430,615,169353
6/25/2006,0.719426,0.77487,463,328,409,100,1300,610,167770
7/2/2006,0.718868,0.821372,466,323,390,92,1271,572,154741
7/9/2006,0.774807,0.872745,437,305,402,71,1215,565,139216
7/16/2006,0.76598,0.922635,549,449,511,108,1617,577,175259
7/23/2006,0.642809,0.899487,541,460,440,112,1553,564,172654
7/30/2006,0.622033,0.843082,502,422,403,128,1455,564,172581
8/6/2006,0.616326,0.881824,508,402,430,88,1428,551,161937
8/13/2006,0.685694,0.817145,473,383,435,82,1373,547,168024
8/20/2006,0.622697,0.8715,510,390,466,91,1457,536,167183
8/27/2006,0.611817,0.738621,404,279,379,76,1138,503,154071
9/3/2006,0.638831,0.797966,398,292,457,77,1224,488,153390
9/10/2006,0.806627,1.01394,492,396,506,69,1463,491,144289
9/17/2006,0.762448,0.880936,446,361,521,78,1406,487,159603
9/24/2006,0.813406,0.943366,511,362,534,80,1487,455,157627
10/1/2006,0.807934,0.891546,476,364,512,81,1433,469,160732
10/8/2006,1.15384,1.20322,1434,1116,1699,264,4513,1323,375076
10/15/2006,1.14819,1.05788,1278,992,1602,200,4072,1361,384920
10/22/2006,1.22736,1.13054,1543,1099,1830,265,4737,1425,419005
10/29/2006,1.21744,1.12552,1582,1086,1996,224,4888,1445,434287
11/5/2006,1.32813,1.20808,1672,1157,2270,281,5380,1473,445334
11/12/2006,1.47754,1.34952,2112,1320,2393,314,6139,1497,454901
11/19/2006,1.5339,1.4689,2355,1342,2681,290,6668,1474,453945
11/26/2006,1.91269,1.82767,2188,1409,2202,357,6156,1488,336822
12/3/2006,1.838,1.6656,2573,1774,2792,391,7530,1486,452089
12/10/2006,1.95376,1.85968,2643,1804,3244,431,8122,1493,436741
12/17/2006,2.40407,2.38891,3270,2177,4470,479,10396,1492,435177
12/24/2006,2.87453,2.78978,3387,2237,4065,503,10192,1435,365334
12/31/2006,3.02597,3.11549,3243,2216,2868,586,8913,1359,286087
1/7/2007,2.37817,2.26942,2927,2394,2481,584,8386,1490,369521
1/14/2007,2.09232,1.86355,2507,2018,2756,480,7761,1467,416464
1/21/2007,2.29396,1.99986,2548,1701,3248,412,7909,1470,395477
1/28/2007,2.74501,2.4406,3410,2257,4684,537,10888,1495,446119
2/4/2007,3.04434,2.83018,3456,2559,5648,457,12120,1472,428241
2/11/2007,3.49999,3.12343,3840,2910,6995,452,14197,1484,454533
2/18/2007,3.57851,3.27019,3879,2955,6668,529,14031,1461,429057
2/25/2007,3.28979,3.17757,3728,3175,6537,608,14048,1460,442099
3/4/2007,2.89149,2.72364,3016,2778,5429,578,11801,1428,433281
3/11/2007,2.62075,2.50201,2798,2533,4937,447,10715,1408,428255
3/18/2007,2.53387,2.4272,2668,2426,4031,472,9597,1361,395394
3/25/2007,2.07251,1.96041,2049,1857,3307,349,7562,1333,385735
4/1/2007,1.87084,1.5914,1664,1625,2508,351,6148,1303,386327
4/8/2007,1.40042,1.36978,1445,1379,1803,331,4958,1284,361955
4/15/2007,1.46887,1.36317,1429,1274,1821,345,4869,1240,357183
4/22/2007,1.15514,1.1737,1257,1112,1523,287,4179,1206,356055
4/29/2007,1.07901,1.06358,1152,937,1386,220,3695,1152,347413
5/6/2007,0.98492,0.969711,969,755,1143,210,3077,1119,317311
5/13/2007,1.03325,0.965362,917,713,1055,175,2860,1057,296262
5/20/2007,0.926649,0.856749,815,590,861,176,2442,1025,285031
5/27/2007,0.9201,0.863346,761,561,785,136,2243,925,259803
6/3/2007,0.954094,0.93537,722,554,652,130,2058,831,220020
6/10/2007,0.763278,0.745569,628,422,510,119,1679,796,225197
6/17/2007,0.81722,0.740428,598,413,469,134,1614,771,217982
6/24/2007,0.764586,0.672897,521,394,441,100,1456,749,216378
7/1/2007,0.793127,0.666282,514,431,408,102,1455,742,218376
7/8/2007,0.66909,0.662747,394,313,360,102,1169,711,176387
7/15/2007,0.62115,0.545619,366,296,372,52,1086,697,199040
7/22/2007,0.603659,0.586231,446,335,345,85,1211,698,206574
7/29/2007,0.649058,0.660687,477,391,392,96,1356,691,205241
8/5/2007,0.568338,0.534093,321,344,311,61,1037,677,194161
8/12/2007,0.651546,0.585549,389,320,385,78,1172,667,200154
8/19/2007,0.652176,0.618075,439,338,411,95,1283,666,207580
8/26/2007,0.803849,0.687465,495,408,457,88,1448,671,210629
9/2/2007,0.787458,0.715696,502,416,500,108,1526,652,213219
9/9/2007,0.943263,0.829313,519,417,545,73,1554,641,187384
9/16/2007,0.946932,0.800912,496,417,682,99,1694,638,211509
9/23/2007,0.987146,0.918484,609,502,681,121,1913,632,208278
9/30/2007,1.05206,0.814259,729,583,788,128,2228,703,273623
10/7/2007,0.995184,1.07197,2187,1167,1997,290,5641,1373,526227
10/14/2007,1.22003,1.21786,2387,1321,2433,303,6444,1429,529126
10/21/2007,1.28548,1.24576,2583,1455,2551,352,6941,1449,557172
10/28/2007,1.3775,1.35984,2871,1400,2788,375,7434,1477,546680
11/4/2007,1.46725,1.44671,3074,1475,2998,368,7915,1485,547104
11/11/2007,1.55841,1.53286,3398,1609,3303,377,8687,1539,566717
11/18/2007,1.61958,1.66653,3563,1780,3290,471,9104,1516,546284
11/25/2007,1.8112,1.97488,3651,1812,2631,476,8570,1523,433951
12/2/2007,1.61865,1.67305,3679,1921,3158,413,9171,1513,548159
12/9/2007,1.62124,1.63405,3365,1772,2907,392,8436,1487,516263
12/16/2007,1.67351,1.74595,3298,1697,2694,402,8091,1453,463416
12/23/2007,1.95096,1.93643,3580,1987,2724,459,8750,1420,451862
12/30/2007,2.50019,2.48905,3848,2184,2348,522,8902,1426,357646
1/6/2008,2.43939,2.25405,3737,2731,2568,670,9706,1486,430603
1/13/2008,2.29319,2.09147,3393,3262,3644,816,11115,1509,531444
1/20/2008,2.62907,2.35934,3664,3038,4900,595,12197,1511,516966
1/27/2008,3.92966,3.32331,4289,4499,7661,722,17171,1508,516683
2/3/2008,4.99202,4.43381,5222,6595,11974,1021,24812,1514,559609
2/10/2008,5.7776,5.34547,6059,9212,15323,1302,31896,1526,596692
2/17/2008,5.98318,5.42258,6244,9487,14336,1558,31625,1518,583210
2/24/2008,5.61677,5.30303,5922,9812,12783,1728,30245,1497,570334
3/2/2008,4.53234,4.24456,4978,8583,9958,1508,25027,1453,589626
3/9/2008,3.83249,3.628,4420,6781,7849,1204,20254,1445,558269
3/16/2008,3.21522,3.03463,3878,5676,6112,1048,16714,1412,550776
3/23/2008,2.69245,2.53595,3153,4520,4493,874,13040,1395,514205
3/30/2008,2.03366,2.0573,2689,3496,3395,796,10376,1379,504350
4/6/2008,1.65275,1.7415,2372,2872,2697,642,8583,1327,492850
4/13/2008,1.3113,1.40652,2045,2160,2354,486,7045,1318,500881
4/20/2008,1.1652,1.26861,1857,1802,2013,407,6079,1288,479187
4/27/2008,1.02035,1.07719,1572,1345,1713,323,4953,1208,459808
5/4/2008,0.877607,0.993445,1466,1107,1416,235,4224,1147,425187
5/11/2008,0.825107,0.911212,1356,1066,1381,208,4011,1098,440183
5/18/2008,0.787315,0.972109,1439,980,1274,211,3904,1074,401601
5/25/2008,0.805439,0.993258,1393,926,1116,211,3646,945,367075
6/1/2008,0.886061,1.09132,1473,1004,1083,243,3803,869,348477
6/8/2008,0.743743,0.888446,1159,729,906,139,2933,789,330127
6/15/2008,0.706842,0.887691,1113,720,886,187,2906,764,327366
6/22/2008,0.655943,0.883187,1115,712,855,160,2842,755,321789
6/29/2008,0.633492,0.826756,937,654,810,133,2534,730,306499
7/6/2008,0.571837,0.783201,913,575,762,155,2405,713,307073
7/13/2008,0.558278,0.78061,881,669,749,132,2431,710,311423
7/20/2008,0.597893,0.769073,826,619,703,171,2319,696,301532
7/27/2008,0.577222,0.721298,779,552,704,131,2166,694,300292
8/3/2008,0.596987,0.752527,788,599,763,139,2289,676,304175
8/10/2008,0.564653,0.752721,679,619,706,216,2220,668,294930
8/17/2008,0.585682,0.792766,789,650,745,184,2368,657,298701
8/24/2008,0.503985,0.743896,730,619,754,134,2237,657,300714
8/31/2008,0.468139,0.814166,794,616,892,127,2429,636,298342
9/7/2008,0.576455,0.838401,774,663,880,144,2461,666,293535
9/14/2008,0.681361,0.851124,859,758,994,177,2788,685,327567
9/21/2008,0.794764,1.10976,1062,958,1527,188,3735,679,336560
9/28/2008,0.868116,1.03114,983,932,1306,179,3400,716,329731
10/5/2008,1.06828,1.02284,1535,1476,2352,324,5687,1435,555999
10/12/2008,1.00756,1.03017,1861,1485,2291,322,5959,1500,578446
10/19/2008,0.979399,1.01245,1869,1467,2219,341,5896,1525,582351
10/26/2008,1.04943,1.08359,1976,1668,2474,367,6485,1527,598473
11/2/2008,1.13218,1.16578,2119,1869,2547,452,6987,1545,599343
11/9/2008,1.13156,1.1913,2276,1981,2668,372,7297,1555,612526
11/16/2008,1.15469,1.28075,2512,1889,2854,412,7667,1555,598635
11/23/2008,1.20448,1.27053,2600,1893,2828,412,7733,1563,608646
11/30/2008,1.36081,1.59578,3024,1741,2412,457,7634,1523,478386
12/7/2008,1.30322,1.4585,3114,2212,2913,469,8708,1551,597052
12/14/2008,1.30204,1.49921,3252,1974,3024,439,8689,1543,579573
12/21/2008,1.45109,1.62982,3137,1640,2579,456,7812,1416,479318
12/28/2008,1.79927,2.15561,3897,1947,2367,495,8706,1484,403876
1/4/2009,2.12134,2.02053,3814,2163,2042,584,8603,1490,425780
1/11/2009,1.47138,1.54566,3245,2606,2548,557,8956,1539,579428
1/18/2009,1.61555,1.64224,3142,2329,3345,473,9289,1512,565631
1/25/2009,1.95333,1.96524,3602,2821,4597,436,11456,1566,582932
2/1/2009,2.42907,2.34368,4039,3215,6602,468,14324,1554,611176
2/8/2009,2.96686,2.86057,4606,4240,8882,540,18268,1580,638613
2/15/2009,3.57354,3.3421,5064,4636,11215,752,21667,1569,648304
2/22/2009,3.36653,3.20566,4848,4685,9851,638,20022,1543,624583
3/1/2009,3.2962,3.10049,4694,5007,10092,657,20450,1544,659573
3/8/2009,3.17227,2.95819,4420,4272,9116,633,18441,1534,623389
3/15/2009,2.5804,2.46381,4046,3601,7446,618,15711,1524,637672
3/22/2009,2.42922,2.19272,3657,3002,6036,582,13277,1494,605503
3/29/2009,1.99028,1.87395,3237,2661,5052,450,11400,1470,608342
4/5/2009,1.72423,1.64817,2829,2158,4283,399,9669,1440,586651
4/12/2009,1.60355,1.49878,2577,2085,3407,391,8460,1422,564460
4/19/2009,1.28418,1.29233,2371,1727,2761,363,7222,1415,558837
4/26/2009,1.2932,1.27164,2353,1743,2855,397,7348,1445,577836
5/3/2009,2.74012,2.98159,4821,5093,8043,670,18627,1405,624734
5/10/2009,2.22391,2.43702,3920,3875,6221,562,14578,1422,598189
5/17/2009,1.76657,2.2813,3236,3018,5888,412,12554,1372,550300
5/24/2009,1.92171,3.81572,4188,4136,12026,424,20774,1331,544432
5/31/2009,1.8611,4.21315,4496,4950,12461,487,22394,1314,531526
6/7/2009,1.68423,3.17832,3865,4213,8615,412,17105,1305,538177
6/14/2009,1.7393,2.50972,3072,3276,5660,384,12392,1296,493761
6/21/2009,1.83001,2.06632,2623,3084,4740,333,10780,1280,521701
6/28/2009,1.58128,1.71805,2299,2476,3700,326,8801,1279,512268
7/5/2009,1.49172,1.55965,2145,2023,2893,361,7422,1237,475877
7/12/2009,1.389,1.30856,1701,1815,2481,293,6290,1246,480680
7/19/2009,1.34702,1.18695,1581,1708,2437,238,5964,1248,502466
7/26/2009,1.16056,1.13796,1608,1611,2285,231,5735,1248,503971
8/2/2009,1.2085,1.15005,1519,1575,2199,294,5587,1254,485804
8/9/2009,1.15544,1.11262,1651,1530,2082,263,5526,1230,496666
8/16/2009,1.14518,1.16142,1645,1646,2321,265,5877,1234,506019
8/23/2009,1.4664,1.64107,2167,2168,4210,396,8941,1286,544827
8/30/2009,2.38017,2.47166,2883,2977,8253,443,14556,1320,588916
9/6/2009,3.44681,3.71969,3713,3982,13114,541,21350,1358,573972
9/13/2009,4.05315,3.94975,4087,4547,13407,520,22561,1367,571201
9/20/2009,4.26621,4.08756,4445,5668,15326,652,26091,1380,638302
9/27/2009,4.21579,4.01897,4462,5252,14152,588,24454,1313,608464
10/4/2009,4.8861,4.60362,4974,6090,16291,564,27919,1331,606458
10/11/2009,6.06923,5.66087,9302,8554,27406,3158,48420,2056,855346
10/18/2009,7.09467,6.81522,11527,10271,32585,3813,58196,2134,853912
10/25/2009,7.7151,7.61889,13187,12399,39364,4118,69068,2162,906536
11/1/2009,7.55134,7.38836,13174,12166,36860,4211,66411,2167,898860
11/8/2009,6.67118,6.33927,12161,10250,30860,3746,57017,2197,899425
11/15/2009,5.20633,4.94349,10151,8174,21112,3292,42729,2191,864348
11/22/2009,4.04477,3.80996,8979,6163,14652,2726,32520,2157,853552
11/29/2009,3.49722,3.44106,7716,4378,8237,2177,22508,2146,654101
12/6/2009,2.69023,2.66773,7195,4259,7988,2288,21730,2122,814550
12/13/2009,2.47119,2.47183,6490,3588,7218,2029,19325,2093,781811
12/20/2009,2.44773,2.345,6275,3249,5785,1772,17081,2014,728401
12/27/2009,2.64594,2.71435,6078,2677,4127,1693,14575,1934,536961
1/3/2010,2.61567,2.67667,6598,3202,3726,2087,15613,1937,583299
1/10/2010,1.90712,1.98284,4998,3333,3961,2007,14299,1996,721138
1/17/2010,1.86738,1.82749,4877,2793,4614,1804,14088,2016,770895
1/24/2010,1.88072,1.92606,5399,2693,5079,1586,14757,2053,766177
1/31/2010,1.96908,1.92495,5333,2560,5655,1574,15122,2026,785580
2/7/2010,2.11387,2.08877,5816,2581,6142,1498,16037,1996,767773
2/14/2010,2.09695,2.03434,5496,2644,5577,1664,15381,1977,756068
2/21/2010,1.90294,1.97649,5388,2649,5536,1492,15065,1954,762208
2/28/2010,1.96951,1.99362,5040,2943,6207,1897,16087,1990,806925
3/7/2010,1.92331,1.85383,4281,2763,5685,1757,14486,1953,781411
3/14/2010,1.89659,1.8673,4612,2660,5270,1812,14354,1946,768702
3/21/2010,1.75181,1.69987,4063,2468,4466,1604,12601,1933,741293
3/28/2010,1.52632,1.49741,3625,2097,4108,1361,11191,1917,747358
4/4/2010,1.49572,1.45112,3408,1954,3733,1264,10359,1875,713863
4/11/2010,1.22313,1.20715,3090,1718,2933,1072,8813,1850,730068
4/18/2010,1.17754,1.17415,3117,1572,3110,1002,8801,1831,749563
4/25/2010,1.09112,1.16207,2921,1461,3044,936,8362,1765,719580
5/2/2010,1.11958,1.17213,3081,1435,2972,952,8440,1755,720054
5/9/2010,1.08169,1.12168,2781,1385,2901,847,7914,1710,705551
5/16/2010,1.12497,1.14981,2851,1363,2645,838,7697,1664,669414
5/23/2010,1.06197,1.13328,2816,1364,2553,870,7603,1624,670887
5/30/2010,1.08909,1.08171,2636,1235,2188,794,6853,1497,633532
6/6/2010,1.1776,1.19959,2413,1212,2172,798,6595,1421,549773
6/13/2010,0.97493,0.952808,2147,1081,1831,696,5755,1435,604004
6/20/2010,0.987132,0.916032,1975,978,1784,579,5316,1405,580329
6/27/2010,0.995991,0.926582,2027,882,1779,646,5334,1384,575664
7/4/2010,0.904726,0.86962,1754,862,1541,561,4718,1347,542536
7/11/2010,0.941927,0.903133,1753,816,1566,556,4691,1353,519414
7/18/2010,0.880415,0.773776,1458,819,1450,507,4234,1284,547187
7/25/2010,0.842615,0.742774,1323,759,1335,533,3950,1265,531790
8/1/2010,0.858382,0.730934,1290,805,1279,476,3850,1250,526723
8/8/2010,0.83383,0.786882,1381,839,1357,500,4077,1241,518121
8/15/2010,0.847437,0.763051,1378,809,1307,514,4008,1212,525260
8/22/2010,0.888273,0.841043,1485,883,1592,558,4518,1225,537190
8/29/2010,0.765372,0.791573,1520,811,1592,497,4420,1235,558382
9/5/2010,0.91858,0.912732,1564,1019,1866,558,5007,1170,548573
9/12/2010,1.01432,1.03398,1850,1076,1959,608,5493,1198,531250
9/19/2010,1.01233,0.934009,1720,1061,2118,611,5510,1210,589930
9/26/2010,1.11803,1.08189,2134,1291,2510,806,6741,1206,623077
10/3/2010,1.11806,1.06563,1995,1269,2383,740,6387,1254,599366
10/10/2010,1.10939,1.13505,2627,1677,3142,1027,8473,1838,746485
10/17/2010,1.24341,1.25256,2953,1779,3522,1093,9347,1875,746230
10/24/2010,1.25726,1.2457,3044,1898,3641,1101,9684,1907,777397
10/31/2010,1.25734,1.26774,3226,1754,3822,1102,9904,1929,781234
11/7/2010,1.43414,1.43723,3451,1981,4397,1191,11020,1947,766753
11/14/2010,1.51838,1.53341,3927,1956,4679,1245,11807,1940,769982
11/21/2010,1.61617,1.69445,4416,2327,5322,1271,13336,1921,787038
11/28/2010,1.84378,1.9915,4598,2043,4145,1293,12079,1938,606527
12/5/2010,1.72535,1.81305,5045,2440,4978,1534,13997,1964,772016
12/12/2010,1.87923,2.01426,5060,2511,5867,1520,14958,1936,742606
12/19/2010,2.3371,2.55659,6300,2847,7194,1681,18022,1916,704923
12/26/2010,3.03533,3.38185,7295,3433,7071,2100,19899,1840,588406
1/2/2011,3.136,3.43172,7478,4455,5764,2649,20346,1887,592880
1/9/2011,2.53336,2.69151,6584,4455,6342,2645,20026,1923,744043
1/16/2011,2.91288,2.91063,6238,4220,7773,2490,20721,1921,711908
1/23/2011,3.44497,3.49232,7247,5095,11243,2672,26257,1964,751850
1/30/2011,4.16185,4.0037,8007,5952,15291,2725,31975,1947,798637
2/6/2011,4.55159,4.43534,8195,6536,16366,3187,34284,1970,772974
2/13/2011,4.46504,4.24215,8036,6812,16516,3092,34456,1961,812230
2/20/2011,4.55124,4.39719,8172,7257,17493,3645,36567,1910,831600
2/27/2011,4.0822,3.90256,7839,6425,13718,3295,31277,1908,801449
3/6/2011,3.38812,3.15073,6376,4869,10496,2886,24627,1860,781629
3/13/2011,2.99142,2.72422,5691,3939,8427,2320,20377,1829,747993
3/20/2011,2.61542,2.33336,5363,3265,6702,1979,17309,1823,741807
3/27/2011,2.09065,1.925,4400,2551,5489,1591,14031,1790,728883
4/3/2011,1.86146,1.75243,4189,2244,5025,1499,12957,1770,739375
4/10/2011,1.61377,1.57704,3701,1985,4557,1255,11498,1723,729089
4/17/2011,1.42199,1.35766,3164,1574,3562,1091,9391,1681,691707
4/24/2011,1.3382,1.31223,3139,1505,3064,987,8695,1651,662612
5/1/2011,1.19995,1.14937,2895,1324,2673,938,7830,1612,681240
5/8/2011,1.14889,1.11451,2532,1305,2553,917,7307,1585,655627
5/15/2011,1.12194,1.10984,2551,1254,2595,836,7236,1556,651983
5/22/2011,1.06712,1.0524,2353,1131,2280,766,6530,1516,620485
5/29/2011,1.05058,1.03536,2213,1045,2110,704,6072,1381,586460
6/5/2011,1.15203,1.11777,2249,1013,1980,704,5946,1357,531954
6/12/2011,0.970975,0.982949,2040,1037,1760,710,5547,1296,564322
6/19/2011,0.894683,0.925194,1812,911,1599,667,4989,1279,539238
6/26/2011,0.843568,0.835531,1604,870,1422,552,4448,1251,532356
7/3/2011,0.815409,0.832393,1472,750,1462,534,4218,1225,506732
7/10/2011,0.823052,0.855591,1423,823,1269,494,4009,1211,468565
7/17/2011,0.674635,0.706949,1255,756,1206,504,3721,1220,526346
7/24/2011,0.631883,0.694387,1243,733,1184,437,3597,1203,518011
7/31/2011,0.641513,0.687976,1251,667,1188,432,3538,1179,514262
8/7/2011,0.529813,0.644743,1088,635,1125,354,3202,1175,496632
8/14/2011,0.644089,0.67533,1207,704,1223,389,3523,1175,521671
8/21/2011,0.667718,0.72823,1342,767,1358,407,3874,1191,531975
8/28/2011,0.705668,0.806526,1505,814,1600,525,4444,1195,551005
9/4/2011,0.804155,0.860408,1528,887,1781,521,4717,1200,548228
9/11/2011,0.907804,0.936075,1622,904,1809,478,4813,1184,514168
9/18/2011,1.00555,0.966683,1788,1022,2206,551,5567,1196,575887
9/25/2011,1.03601,0.996007,1816,1126,2264,616,5822,1201,584534
10/2/2011,1.07583,1.10846,2248,1253,2514,693,6708,1213,605162
10/9/2011,1.16092,1.20345,3106,1765,3485,1009,9365,1850,778182
10/16/2011,1.19785,1.23777,3317,1777,3667,1042,9803,1883,791987
10/23/2011,1.27926,1.25259,3324,1763,3837,1034,9958,1905,794995
10/30/2011,1.29194,1.30546,3453,1773,4035,1037,10298,1900,788840
11/6/2011,1.42824,1.45295,3634,1957,4658,1147,11396,1925,784334
11/13/2011,1.39803,1.44089,3949,2072,4348,1127,11496,1946,797839
11/20/2011,1.45831,1.46221,3923,2166,4361,1271,11721,1900,801594
11/27/2011,1.56548,1.65573,4125,1803,3340,1109,10377,1918,626731
12/4/2011,1.34313,1.46606,4237,2059,3955,1228,11479,1904,782984
12/11/2011,1.48139,1.51811,3995,1938,4040,1214,11187,1898,736905
12/18/2011,1.63398,1.66429,4579,2077,4097,1384,12137,1872,729258
12/25/2011,1.83126,1.85274,5016,2068,3535,1339,11958,1851,645424
1/1/2012,2.10451,2.12413,5243,2315,3184,1614,12356,1821,581697
1/8/2012,1.73625,1.76709,4514,2342,3393,1743,11992,1891,678631
1/15/2012,1.55066,1.5434,4059,2319,3636,1529,11543,1883,747894
1/22/2012,1.62891,1.64762,4364,2247,4030,1298,11939,1887,724623
1/29/2012,1.76038,1.6843,4766,2303,4802,1338,13209,1891,784244
2/5/2012,1.92728,1.86354,5218,2415,5336,1479,14448,1885,775298
2/12/2012,1.91994,1.86408,5028,2582,5555,1459,14624,1875,784516
2/19/2012,2.09951,2.01839,5277,2937,5994,1721,15929,1884,789193
2/26/2012,2.23973,2.10385,5246,3009,5990,1892,16137,1853,767022
3/4/2012,2.21921,2.09555,5219,3141,6239,1919,16518,1826,788242
3/11/2012,2.16693,2.10398,4811,2832,6493,1627,15763,1816,749198
3/18/2012,2.38913,2.2941,5175,3321,6768,1886,17150,1819,747570
3/25/2012,1.96466,1.92223,4422,2822,5683,1597,14524,1780,755579
4/1/2012,1.84229,1.74239,3807,2485,5256,1469,13017,1753,747079
4/8/2012,1.68674,1.67601,3582,2306,4631,1411,11930,1729,711808
4/15/2012,1.53136,1.49637,3253,2109,4059,1311,10732,1707,717202
4/22/2012,1.37912,1.38202,3001,1990,4020,1112,10123,1699,732480
4/29/2012,1.29515,1.28926,2638,1831,3802,1099,9370,1675,726772
5/6/2012,1.39521,1.35803,2509,1728,3671,1091,8999,1564,662649
5/13/2012,1.32522,1.30833,2524,1559,3468,1025,8576,1546,655492
5/20/2012,1.23059,1.26692,2465,1547,3087,963,8062,1503,636347
5/27/2012,1.23028,1.27731,2545,1461,3011,861,7878,1415,616765
6/3/2012,1.26877,1.2991,2480,1276,2601,796,7153,1409,550614
6/10/2012,1.10782,1.16297,2336,1281,2352,796,6765,1365,581700
6/17/2012,1.09559,1.08612,2231,1150,2024,728,6133,1289,564670
6/24/2012,1.11031,1.0568,2259,1119,1974,696,6048,1295,572296
7/1/2012,1.10616,1.07871,2168,1058,1850,710,5786,1260,536380
7/8/2012,1.10816,1.04662,1911,1013,1706,661,5291,1271,505533
7/15/2012,0.999444,0.928152,1913,964,1751,557,5185,1240,558637
7/22/2012,0.924199,0.901936,1818,914,1640,559,4931,1223,546713
7/29/2012,0.949257,0.915356,1752,975,1721,655,5103,1250,557488
8/5/2012,0.978903,0.952548,1728,1050,1706,675,5159,1240,541600
8/12/2012,0.925024,0.916661,1660,989,1718,659,5026,1248,548294
8/19/2012,0.848456,0.901787,1721,986,1755,589,5051,1238,560110
8/26/2012,1.04451,1.03315,2098,1194,2128,721,6141,1238,594395
9/2/2012,1.0986,1.05238,1958,1305,2335,720,6318,1238,600354
9/9/2012,1.22071,1.12713,1886,1317,2294,799,6296,1242,558585
9/16/2012,1.24976,1.1866,2176,1408,2870,928,7382,1252,622114
9/23/2012,1.22892,1.21415,2295,1530,2972,859,7656,1268,630563
9/30/2012,1.29393,1.25198,2421,1546,2867,973,7807,1248,623572
10/7/2012,1.23034,1.20559,2773,1814,3691,1117,9395,1932,779285
10/14/2012,1.3278,1.31929,2960,1957,4007,1234,10158,1940,769959
10/21/2012,1.33995,1.32737,3202,1902,4233,1248,10585,1968,797444
10/28/2012,1.37842,1.36688,3346,2012,4268,1287,10913,1958,798388
11/4/2012,1.50085,1.50535,3326,2032,4422,1281,11061,1929,734781
11/11/2012,1.65163,1.61273,3733,2330,5145,1466,12674,1974,785871
11/18/2012,1.76746,1.75208,4034,2569,5526,1494,13623,1966,777534
11/25/2012,2.30609,2.33365,4651,2824,5387,1788,14650,1968,627772
12/2/2012,2.16324,2.2268,5102,3950,7018,2451,18521,2006,831730
12/9/2012,2.83038,2.97657,6486,4672,10857,2862,24877,2006,835762
12/16/2012,3.43761,3.62552,7446,5692,12945,3349,29432,1977,811800
12/23/2012,4.30554,4.5532,8546,7437,13971,4378,34332,1908,754019
12/30/2012,6.06082,6.02598,9709,9295,11391,6193,36588,1905,607171
1/6/2013,4.64931,4.96368,8444,9679,9108,6872,34103,1982,687051
1/13/2013,4.32584,4.69072,8297,10877,13424,7298,39896,1995,850531
1/20/2013,4.51113,4.70473,8633,8977,15992,5839,39441,2008,838326
1/27/2013,4.2171,4.1646,7441,7021,13439,4525,32426,1978,778610
2/3/2013,3.78956,3.69533,6609,6421,12653,4125,29808,1963,806640
2/10/2013,3.29206,3.2363,5757,5236,10816,3178,24987,1931,772086
2/17/2013,3.0197,2.89421,5289,4698,9395,2939,22321,1926,771229
2/24/2013,2.71499,2.71742,5099,4357,8415,2648,20519,1940,755092
3/3/2013,2.4845,2.52297,4633,4030,7981,2587,19231,1893,762238
3/10/2013,2.57808,2.55227,4791,3935,7709,2394,18829,1884,737736
3/17/2013,2.39237,2.43225,4480,3606,7065,2241,17392,1846,715059
3/24/2013,2.06778,2.10851,3957,3191,6095,2011,15254,1825,723449
3/31/2013,1.90281,1.94725,3830,2924,5204,1756,13714,1811,704276
4/7/2013,1.65902,1.74859,3516,2677,4299,1781,12273,1769,701881
4/14/2013,1.43006,1.49713,3110,2219,3929,1560,10818,1742,722583
4/21/2013,1.27757,1.32313,2707,1757,3509,1215,9188,1732,694415
4/28/2013,1.19009,1.22647,2588,1630,3364,1007,8589,1711,700300
5/5/2013,1.09556,1.19614,2439,1470,3142,935,7986,1675,667648
5/12/2013,1.08589,1.19049,2422,1474,2877,931,7704,1630,647130
5/19/2013,1.07343,1.17426,2431,1345,2583,958,7317,1582,623114
5/26/2013,1.01677,1.13342,2230,1279,2219,861,6589,1489,581338
6/2/2013,1.04847,1.14306,2109,1147,2094,840,6190,1486,541528
6/9/2013,0.920349,1.00881,1983,1086,1779,790,5638,1421,558875
6/16/2013,0.920779,1.02358,1969,1112,1713,745,5539,1419,541138
6/23/2013,0.904333,1.00138,1877,1040,1766,791,5474,1405,546643
6/30/2013,0.83057,0.909498,1703,947,1581,684,4915,1389,540408
7/7/2013,0.862837,0.950042,1594,851,1489,572,4506,1357,474295
7/14/2013,0.732182,0.829299,1576,862,1491,581,4510,1362,543833
7/21/2013,0.724558,0.802109,1432,849,1405,500,4186,1341,521874
7/28/2013,0.740848,0.806333,1416,800,1464,553,4233,1325,524969
8/4/2013,0.726037,0.796937,1216,852,1284,534,3886,1290,487617
8/11/2013,0.755639,0.779136,1367,870,1338,500,4075,1299,523015
8/18/2013,0.761847,0.797653,1364,919,1366,519,4168,1276,522533
8/25/2013,0.779896,0.825485,1331,892,1561,533,4317,1265,522965
9/1/2013,0.899138,0.935469,1499,1014,1814,726,5053,1260,540157
9/8/2013,0.999524,1.04345,1681,1137,2035,773,5626,1317,539175
9/15/2013,1.0558,1.09107,1926,1217,2437,794,6374,1307,584196
9/22/2013,1.0967,1.20108,2175,1350,2683,902,7110,1290,591969
9/29/2013,1.24709,1.26179,2393,1500,2963,1107,7963,1364,631088
10/6/2013,1.15746,1.13249,2974,1840,3769,1094,9677,1960,854487
10/13/2013,1.27184,1.21121,3276,1924,3925,1295,10420,1990,860298
10/20/2013,1.31623,1.25682,3483,2010,3880,1285,10658,2018,848016
10/27/2013,1.37444,1.37097,3930,2292,4484,1330,12036,2027,877917
11/3/2013,1.46781,1.42956,4045,2354,4642,1461,12502,2028,874537
11/10/2013,1.5834,1.53588,4434,2511,5062,1491,13498,2017,878845
11/17/2013,1.60253,1.60267,4643,2716,5000,1568,13927,2054,868987
11/24/2013,1.72344,1.73267,4835,3088,5579,1666,15168,2012,875411
12/1/2013,2.11076,2.09858,4937,3027,4313,1698,13975,2042,665926
12/8/2013,2.1708,2.21374,5549,4375,6579,2417,18920,2055,854664
12/15/2013,2.36971,2.41674,5501,4458,7046,2393,19398,2054,802651
12/22/2013,3.15997,3.03071,6555,6525,8406,3211,24697,2009,814891
12/29/2013,4.59053,4.38724,7814,7499,7485,4190,26988,2007,615148
1/5/2014,4.28195,4.2112,7488,9135,6726,5305,28654,2033,680424
1/12/2014,3.56288,3.46492,6233,8846,7881,5187,28147,2059,812343
1/19/2014,3.36378,3.31698,6007,8091,9517,4755,28370,2049,855297
1/26/2014,3.39659,3.2407,5878,6818,8858,3948,25502,2062,786928
2/2/2014,3.11922,2.88598,5133,6031,8714,3606,23484,2051,813726
2/9/2014,2.83572,2.62172,4729,5278,7711,3367,21085,2051,804244
2/16/2014,2.48484,2.34067,4210,4470,6717,2798,18195,2018,777340
2/23/2014,2.2741,2.12059,4250,4306,6121,2557,17234,2025,812700
3/2/2014,2.07244,1.91094,3953,3691,5875,2395,15914,1978,832786
3/9/2014,1.98207,1.9023,3775,3472,5575,2222,15044,1944,790831
3/16/2014,1.82441,1.76619,3616,3210,5022,2176,14024,1904,794024
3/23/2014,1.82036,1.85791,3798,3285,5611,2232,14926,1922,803374
3/30/2014,1.75391,1.82094,3523,3256,5812,2070,14661,1887,805133
4/6/2014,1.74542,1.83453,3582,3153,5659,2243,14637,1866,797863
4/13/2014,1.67236,1.75446,3574,2943,5587,2102,14206,1845,809707
4/20/2014,1.51659,1.51636,3130,2516,4279,1798,11723,1810,773101
4/27/2014,1.44778,1.40334,2846,2504,3770,1694,10814,1771,770592
5/4/2014,1.29028,1.2593,2501,2084,3591,1472,9648,1746,766139
5/11/2014,1.37388,1.32482,2789,2009,3615,1362,9775,1714,737834
5/18/2014,1.34208,1.27576,2544,1876,3256,1357,9033,1660,708049
5/25/2014,1.34563,1.29483,2733,1742,3068,1254,8797,1570,679395
6/1/2014,1.21291,1.2261,2528,1542,2459,1129,7658,1554,624582
6/8/2014,1.19291,1.14538,2383,1492,2349,1005,7229,1461,631143
6/15/2014,1.14146,1.0678,2227,1413,2181,962,6783,1461,635233
6/22/2014,1.06503,1.07269,2159,1285,2009,916,6369,1392,593740
6/29/2014,1.12669,1.01298,2049,1235,1917,837,6038,1411,596063
7/6/2014,0.947353,0.994705,1865,1075,1688,724,5352,1388,538049
7/13/2014,0.944187,0.880862,1758,1122,1623,792,5295,1394,601116
7/20/2014,0.934822,0.858173,1582,1116,1621,764,5083,1376,592305
7/27/2014,0.81736,0.805152,1455,1128,1450,732,4765,1372,591814
8/3/2014,0.852792,0.818781,1450,1094,1655,743,4942,1378,603580
8/10/2014,0.746994,0.783735,1460,1074,1528,682,4744,1382,605307
8/17/2014,0.761098,0.848703,1528,1107,1631,714,4980,1369,586778
8/24/2014,0.767627,0.834146,1569,1196,1813,727,5305,1371,635980
8/31/2014,0.862176,0.905981,1684,1223,2184,708,5799,1353,640080
9/7/2014,0.984907,1.04506,1753,1284,2258,755,6050,1352,578913
9/14/2014,1.16287,1.16816,2300,1550,3316,964,8130,1401,695966
9/21/2014,1.22731,1.27649,2535,1705,3650,998,8888,1405,696282
9/28/2014,1.2071,1.29758,2522,1820,3447,1085,8874,1407,683887
10/5/2014,1.16191,1.20612,2958,1959,3994,1239,10150,1937,841540
10/12/2014,1.30905,1.32485,3055,2116,4437,1369,10977,1960,828544
10/19/2014,1.37072,1.41192,3442,2321,4728,1450,11941,2000,845727
10/26/2014,1.43373,1.42547,3455,2459,4955,1423,12292,2008,862314
11/2/2014,1.42791,1.43909,3632,2242,5102,1337,12313,2053,855608
11/9/2014,1.61605,1.61532,4277,2349,5799,1428,13853,2058,857601
11/16/2014,1.65976,1.66473,4424,2323,5816,1499,14062,1997,844700
11/23/2014,2.05459,2.0058,4740,2921,7322,1691,16674,2058,831289
11/30/2014,2.53541,2.62227,5432,3277,6848,2045,17602,2067,671251
12/7/2014,2.54253,2.60749,6185,4623,9106,2991,22905,2097,878430
12/14/2014,3.60563,3.4178,7424,5287,13050,3411,29172,2069,853532
12/21/2014,4.90976,4.46555,9270,6920,16418,4774,37382,2016,837119
12/28/2014,5.98221,6.11497,10363,8982,13951,7237,40533,1984,662849
1/4/2015,5.47421,5.30979,9732,9348,9406,8405,36891,1983,694773
1/11/2015,4.21374,4.07898,7160,8072,9589,6662,31483,1958,771835
1/18/2015,4.21022,3.93762,7044,6946,11966,5248,31204,1971,792459
1/25/2015,4.25968,4.15076,7840,6451,13949,4981,33221,1966,800359
2/1/2015,3.97761,3.87899,7118,5844,13159,4500,30621,1955,789407
2/8/2015,3.63443,3.45794,6656,5380,12093,4022,28151,1950,814097
2/15/2015,3.26527,3.06359,6429,4884,10328,3577,25218,1917,823153
2/22/2015,2.93083,2.82646,5537,4295,8164,3113,21109,1907,746836
3/1/2015,2.54474,2.3599,4823,4061,7280,3014,19178,1934,812660
3/8/2015,2.47227,2.33472,4639,3914,7116,2772,18441,1912,789858
3/15/2015,2.35665,2.21286,4710,3654,6748,2721,17833,1907,805881
3/22/2015,2.17008,2.07619,4559,3482,6084,2570,16695,1883,804117
3/29/2015,2.04297,2.01267,4418,3284,6003,2417,16122,1848,801027
4/5/2015,1.954,1.94192,4174,2968,5623,2210,14975,1819,771143
4/12/2015,1.72287,1.74809,3903,2931,4634,2265,13733,1820,785602
4/19/2015,1.53694,1.50367,3448,2448,4214,1934,12044,1813,800974
4/26/2015,1.38283,1.43494,3182,2052,4011,1615,10860,1768,756827
5/3/2015,1.46265,1.45673,3203,2122,4280,1490,11095,1753,761638
5/10/2015,1.38934,1.42836,3106,2074,4079,1435,10694,1735,748690
5/17/2015,1.3468,1.35297,2805,1810,3641,1415,9671,1688,714799
5/24/2015,1.25452,1.33093,2754,1768,3296,1206,9024,1622,678023
5/31/2015,1.21636,1.28422,2593,1461,2714,1145,7913,1579,616171
6/7/2015,1.16734,1.13889,2211,1334,2345,1056,6946,1505,609891
6/14/2015,1.04654,1.10343,2109,1320,2284,1031,6744,1455,611184
6/21/2015,0.943661,0.970748,1734,1167,2046,903,5850,1459,602628
6/28/2015,0.935046,0.998681,1897,1170,1921,925,5913,1445,592081
7/5/2015,0.934726,0.978057,1678,1043,1701,810,5232,1417,534938
7/12/2015,0.864118,0.866431,1546,1081,1675,814,5116,1428,590468
7/19/2015,0.806535,0.827757,1487,1028,1609,746,4870,1411,588337
7/26/2015,0.742747,0.797572,1383,1011,1498,734,4626,1401,580010
8/2/2015,0.737859,0.811221,1415,999,1459,732,4605,1352,567663
8/9/2015,0.743224,0.821165,1392,1026,1590,745,4753,1364,578812
8/16/2015,0.805251,0.819435,1330,1062,1667,691,4750,1340,579668
8/23/2015,0.816943,0.848041,1429,1134,1815,795,5173,1356,609994
8/30/2015,0.814518,0.888524,1687,1151,2033,777,5648,1362,635661
9/6/2015,0.86067,0.962826,1636,1230,2292,805,5963,1354,619323
9/13/2015,0.886704,1.02252,1714,1297,2169,790,5970,1349,583853
9/20/2015,1.00845,1.08392,1993,1392,2744,933,7062,1369,651524
9/27/2015,1.06625,1.17724,2178,1520,2947,1059,7704,1367,654414
10/4/2015,1.05995,1.1716,2170,1654,2746,1056,7626,1332,650904
10/11/2015,1.22559,1.24325,2849,2015,3693,1492,10049,1963,808287
10/18/2015,1.31066,1.3234,3016,2102,4007,1590,10715,1976,809660
10/25/2015,1.3711,1.40399,3263,2357,4360,1604,11584,1995,825079
11/1/2015,1.39171,1.37629,3141,2254,4148,1621,11164,1999,811165
11/8/2015,1.43712,1.46866,3563,2450,4783,1627,12423,2048,845875
11/15/2015,1.50165,1.533,3746,2517,4725,1688,12676,2028,826877
11/22/2015,1.59805,1.60841,3960,2656,5076,1792,13484,2023,838344
11/29/2015,1.89668,1.90047,3974,2427,4073,1684,12158,2000,639738
12/6/2015,1.67728,1.73645,4469,3011,5076,2061,14617,2040,841777
12/13/2015,1.78296,1.81945,4575,2902,5384,2125,14986,2020,823657
12/20/2015,1.87336,1.96571,5135,2963,5105,2193,15396,2000,783227
12/27/2015,2.32148,2.42021,5377,2876,4317,2269,14839,1978,613128
1/3/2016,2.40991,2.41083,5700,3264,4011,2704,15679,1949,650356
1/10/2016,1.94328,1.98859,4775,3597,4494,2788,15654,2004,787192
1/17/2016,1.99796,1.98985,4574,3180,5362,2401,15517,2005,779809
1/24/2016,2.11829,2.1071,4804,3226,5380,2251,15661,2008,743249
1/31/2016,2.25112,2.19256,5088,3615,6882,2558,18143,2026,827482
2/7/2016,2.37116,2.30014,5135,3759,7353,2697,18944,2007,823602
2/14/2016,2.80035,2.67574,5645,4600,8434,3095,21774,2000,813755
2/21/2016,3.16475,3.02427,5997,5642,9325,3717,24681,1993,816098
2/28/2016,3.15183,3.11328,6299,6001,10127,3996,26423,1956,848718
3/6/2016,3.3321,3.32788,6619,6395,11415,4039,28468,1952,855439
3/13/2016,3.56024,3.5918,6660,7358,11856,4607,30481,1922,848628
3/20/2016,3.05479,3.09262,5574,6026,9334,3960,24894,1898,804948
3/27/2016,2.76732,2.78803,5187,4982,8489,3282,21940,1900,786936
4/3/2016,2.44161,2.52371,4581,4476,7392,3154,19603,1832,776752
4/10/2016,2.03348,2.12928,3707,3869,6403,2790,16769,1813,787543
4/17/2016,1.98593,2.05142,3572,3530,6595,2564,16261,1805,792672
4/24/2016,1.91514,1.98957,3515,3247,6357,2318,15437,1774,775895
5/1/2016,1.69968,1.7858,3157,2986,5557,2136,13836,1759,774777
5/8/2016,1.57635,1.60144,2772,2586,4729,1783,11870,1742,741210
5/15/2016,1.3935,1.4743,2871,2276,4046,1514,10707,1690,726244
5/22/2016,1.29941,1.42286,2688,1998,3630,1482,9798,1626,688612
5/29/2016,1.18379,1.38196,2612,1714,3126,1335,8787,1439,635835
6/5/2016,1.13723,1.33712,2545,1637,2620,1195,7997,1482,598077
6/12/2016,1.04118,1.13894,2293,1460,2313,1135,7201,1446,632252
6/19/2016,0.971814,1.09641,2189,1354,2171,1054,6768,1440,617287
6/26/2016,0.863306,0.999559,2062,1178,1905,879,6024,1402,602666
7/3/2016,0.833797,0.99095,1873,1146,1810,857,5686,1382,573793
7/10/2016,0.784516,0.931253,1646,985,1641,846,5118,1379,549582
7/17/2016,0.734327,0.843118,1610,1064,1599,805,5078,1392,602288
7/24/2016,0.698845,0.840286,1670,994,1621,759,5044,1388,600272
7/31/2016,0.723099,0.830065,1580,1036,1624,685,4925,1393,593327
8/7/2016,0.663501,0.790428,1455,971,1496,674,4596,1360,581457
8/14/2016,0.69276,0.830826,1512,1016,1639,701,4868,1329,585923
8/21/2016,0.710029,0.856796,1644,1028,1914,679,5265,1345,614499
8/28/2016,0.834232,1.00746,1848,1234,2364,814,6260,1356,621362
9/4/2016,0.992621,1.05868,1815,1242,2651,796,6504,1354,614349
9/11/2016,1.01605,1.10028,1883,1284,2604,852,6623,1347,601938
9/18/2016,1.07169,1.1457,2026,1509,3073,1031,7639,1365,666755
9/25/2016,1.10163,1.2189,2341,1539,3298,1051,8229,1363,675119
10/2/2016,1.18841,1.31113,2413,1645,3334,1113,8505,1389,648678
10/9/2016,1.2019,1.27386,3110,2114,4169,1471,10864,1946,852842
10/16/2016,1.23108,1.29342,3207,2155,4078,1557,10997,1973,850228
10/23/2016,1.26796,1.33097,3564,2234,4452,1676,11926,1983,896035
10/30/2016,1.36298,1.42662,3786,2406,4769,1687,12648,2006,886570
11/6/2016,1.48535,1.57071,4314,2444,5287,1745,13790,1999,877947
11/13/2016,1.55954,1.65146,4703,2549,5193,1813,14258,1990,863356
11/20/2016,1.64783,1.73309,4979,2659,5610,1912,15160,2000,874739
11/27/2016,1.91275,2.03388,5032,2634,4567,1975,14208,2011,698566
12/4/2016,1.81725,1.88331,5209,3326,5655,2415,16605,2001,881694
12/11/2016,1.91433,2.00292,5501,3188,5812,2460,16961,2013,846813
12/18/2016,2.21003,2.27731,5744,3491,6724,2504,18463,2000,810736
12/25/2016,2.73568,2.91465,6653,4099,7469,3344,21565,1977,739882
1/1/2017,3.36832,3.54919,7712,5247,7144,4797,24900,1928,701569
1/8/2017,3.09689,3.08102,6716,5673,6786,5003,24178,2024,784740
1/15/2017,3.07346,3.01875,6020,5313,8843,4721,24897,1997,824746
1/22/2017,3.51643,3.40446,6399,5588,12147,4647,28781,2029,845391
1/29/2017,3.8027,3.52869,6958,5788,14073,4446,31265,2021,886023
2/5/2017,4.50313,4.10665,7452,6522,17482,5061,36517,2024,889216
2/12/2017,5.06308,4.7551,8110,8235,20150,6395,42890,2027,901978
2/19/2017,4.86009,4.65163,7726,8328,18692,6289,41035,1967,882163
2/26/2017,4.57916,4.57049,7649,8560,17300,6615,40124,1987,877892
3/5/2017,3.55674,3.45522,6129,6496,12394,5164,30183,1995,873547
3/12/2017,3.50417,3.29505,5854,5970,11552,4684,28060,1971,851580
3/19/2017,3.21511,3.16426,5503,5535,10084,4362,25484,1958,805370
3/26/2017,3.10088,3.14433,5514,5858,11503,4479,27354,1940,869946
4/2/2017,2.79056,2.87936,5145,5070,10149,3978,24342,1899,845397
4/9/2017,2.38547,2.36977,4488,3918,8178,3093,19677,1906,830332
4/16/2017,1.9703,1.93853,3909,3151,5847,2641,15548,1861,802052
4/23/2017,1.73442,1.64064,3306,2766,4683,2251,13006,1845,792740
4/30/2017,1.56303,1.4752,2997,2391,4497,2039,11924,1846,808298
5/7/2017,1.4128,1.37755,2890,2039,4105,1728,10762,1795,781240
5/14/2017,1.27492,1.33771,2751,2037,3831,1583,10202,1767,762648
5/21/2017,1.2834,1.34686,2685,2011,3518,1595,9809,1746,728288
5/28/2017,1.16663,1.26579,2341,1745,3060,1418,8564,1614,676574
6/4/2017,1.10977,1.25701,2311,1577,2575,1293,7756,1569,617021
6/11/2017,1.04333,1.16048,2412,1459,2377,1262,7510,1493,647145
6/18/2017,0.905151,1.04834,2049,1346,2099,1142,6636,1470,633003
6/25/2017,0.902718,0.992711,1930,1282,1971,1057,6240,1469,628582
7/2/2017,0.859531,0.961603,1771,1121,1748,956,5596,1422,581945
7/9/2017,0.818998,0.955818,1728,1111,1564,923,5326,1456,557219
7/16/2017,0.752505,0.827597,1545,1004,1578,834,4961,1405,599446
7/23/2017,0.731146,0.811886,1549,908,1421,869,4747,1384,584688
7/30/2017,0.733295,0.818527,1576,953,1515,835,4879,1377,596071
8/6/2017,0.73102,0.829758,1529,1037,1485,848,4899,1390,590413
8/13/2017,0.68834,0.828503,1559,1044,1481,831,4915,1386,593239
8/20/2017,0.732049,0.885896,1603,1097,1691,839,5230,1350,590363
8/27/2017,0.911188,1.05351,1964,1256,2549,884,6653,1379,631507
9/3/2017,1.02105,1.11768,2076,1302,2726,1029,7133,1370,638196
9/10/2017,1.09495,1.14028,2073,1369,2488,1142,7072,1384,620201
9/17/2017,1.09475,1.13326,2372,1656,2942,1334,8304,1485,732755
9/24/2017,1.09775,1.17589,2544,1625,3075,1319,8563,1484,728214
10/1/2017,1.18882,1.23848,2840,1652,3201,1386,9079,1468,733077
10/8/2017,1.26682,1.28278,3844,2486,4553,1947,12830,2205,1000168
10/15/2017,1.30662,1.33419,4120,2676,4453,2020,13269,2233,994535
10/22/2017,1.34866,1.41293,4409,2804,4993,2113,14319,2254,1013427
10/29/2017,1.51871,1.57884,5003,2921,5529,2373,15826,2251,1002381
11/5/2017,1.74793,1.70723,5219,3289,6133,2427,17068,2213,999750
11/12/2017,1.87047,1.86372,6108,3609,6625,2652,18994,2278,1019146
11/19/2017,2.06674,2.09726,6805,4200,7478,3132,21615,2281,1030631
11/26/2017,2.28188,2.34372,6945,3844,5876,3152,19817,2264,845535
12/3/2017,2.28528,2.24895,7008,5235,7476,4036,23755,2274,1056270
12/10/2017,2.5848,2.49852,7230,5050,8491,4208,24979,2263,999753
12/17/2017,3.36711,3.20443,8297,6671,11277,5288,31533,2255,984043
12/24/2017,4.71836,4.4305,10464,9836,14164,8200,42664,2204,962961
12/31/2017,5.72036,5.46448,11301,11373,11509,10803,44986,2122,823244
1/7/2018,5.77543,5.37416,9426,13370,11748,12738,47282,2235,879802
1/14/2018,5.9083,5.54335,10082,15400,17403,14037,56922,2251,1026852
1/21/2018,6.49095,6.34203,12004,15973,21873,13087,62937,2277,992379
1/28/2018,7.17799,7.04897,13432,18349,30671,15016,77468,2279,1098998
2/4/2018,7.52851,7.79783,14854,19095,37252,14894,86095,2265,1104089
2/11/2018,7.38424,7.78892,15192,19505,38457,14492,87646,2290,1125265
2/18/2018,6.46068,6.83583,13340,17163,31984,13500,75987,2215,1111598
2/25/2018,4.95341,5.17354,10142,12428,20394,9997,52961,2259,1023689
3/4/2018,3.67274,3.55184,7190,8445,13370,6927,35932,2194,1011645
3/11/2018,3.2037,3.01348,6357,6483,10841,5428,29109,2203,965961
3/18/2018,2.78869,2.73862,5590,5925,9479,4934,25928,2188,946753
3/25/2018,2.50234,2.48438,5212,5406,8635,4532,23785,2168,957380
4/1/2018,2.41065,2.36593,4722,4720,7216,4038,20696,2131,874750
4/8/2018,2.07542,2.03306,4550,4452,6211,3854,19067,2117,937849
4/15/2018,1.78234,1.8062,4148,3749,5508,3267,16672,2076,923041
4/22/2018,1.61608,1.58958,3859,3216,5269,2548,14892,2103,936850
4/29/2018,1.53992,1.54077,3725,3030,5343,2474,14572,2079,945759
5/6/2018,1.53115,1.45326,3656,2600,4810,2207,13273,2005,913326
5/13/2018,1.29599,1.28242,3443,2205,4132,1837,11617,1922,905868
5/20/2018,1.18904,1.2243,3359,2238,3766,1704,11067,1966,903948
5/27/2018,1.24941,1.23385,3384,2082,3429,1751,10646,1883,862825
6/3/2018,1.14134,1.22391,3222,1824,2982,1580,9608,1789,785022
6/10/2018,0.988567,1.04866,2845,1836,2551,1456,8688,1783,828488
6/17/2018,0.895433,0.979381,2375,1596,2242,1357,7570,1738,772937
6/24/2018,0.892227,0.94819,2313,1554,2161,1346,7374,1759,777692
7/1/2018,0.877636,0.867741,2201,1530,1906,1295,6932,1720,798856
7/8/2018,0.77502,0.822957,2000,1299,1862,1088,6249,1764,759335
7/15/2018,0.725956,0.772384,1945,1443,1900,1214,6502,1769,841809
7/22/2018,0.68266,0.707466,1741,1290,1720,1035,5786,1732,817849
7/29/2018,0.640527,0.686508,1665,1202,1643,986,5496,1728,800573
8/5/2018,0.64106,0.68859,1620,1246,1772,979,5617,1708,815725
8/12/2018,0.706465,0.736093,1727,1334,1786,1017,5864,1670,796639
8/19/2018,0.708668,0.806323,1989,1387,2172,994,6542,1705,811337
8/26/2018,0.825743,0.954211,2237,1488,2467,1117,7309,1601,765973
9/2/2018,0.864409,0.962249,2447,1637,2836,1197,8117,1661,843545
9/9/2018,1.10114,1.14153,2817,1985,3346,1388,9536,1693,835370
9/16/2018,1.15244,1.14726,2774,2112,3659,1518,10063,1689,877135
9/23/2018,1.20257,1.31197,3242,2347,3950,1651,11190,1666,852916
9/30/2018,1.25033,1.37701,3471,2464,4185,1594,11714,1694,850685
10/7/2018,1.41846,1.42429,4857,3839,6300,2843,17839,2565,1252483
10/14/2018,1.40418,1.48151,5307,4026,6250,2978,18561,2609,1252846
10/21/2018,1.47401,1.59449,5582,4399,6799,3150,19930,2586,1249933
10/28/2018,1.64257,1.72683,6242,4617,7478,3279,21616,2646,1251776
11/4/2018,1.79275,1.84522,6864,4730,8285,3275,23154,2633,1254812
11/11/2018,1.87043,1.93069,7504,4831,8448,3290,24073,2645,1246860
11/18/2018,1.98387,2.09114,7805,5017,8050,3475,24347,2631,1164292
11/25/2018,2.24169,2.41082,8598,5011,7193,3810,24612,2586,1020898
12/2/2018,2.14883,2.25019,8885,6576,8787,4832,29080,2640,1292335
12/9/2018,2.25531,2.30458,8803,5969,9269,4315,28356,2633,1230419
12/16/2018,2.64571,2.73758,10150,6819,11373,4756,33098,2622,1209022
12/23/2018,3.14075,3.24643,11507,8119,12811,5799,38236,2571,1177786
12/30/2018,3.97127,4.19267,13586,10315,12026,7977,43904,2545,1047161
1/6/2019,3.46125,3.63499,11675,11402,9557,9460,42094,2609,1158023
1/13/2019,3.07707,3.14077,9344,10401,10744,8263,38752,2629,1233836
1/20/2019,3.32915,3.36551,9668,10024,14248,7169,41109,2633,1221478
1/27/2019,3.81999,3.89305,10728,11164,16925,7296,46113,2614,1184495
2/3/2019,4.3419,4.5253,11606,13032,22188,8361,55187,2639,1219521
2/10/2019,4.88288,5.21525,13828,15708,29688,10218,69442,2644,1331519
2/17/2019,5.04211,5.43173,14224,15928,29223,10603,69978,2628,1288318
2/24/2019,4.88596,5.2776,13612,15684,26456,10593,66345,2623,1257106
3/3/2019,4.5499,4.59585,11622,13833,23450,9830,58735,2634,1278001
3/10/2019,4.38001,4.40341,11146,13058,21736,9408,55348,2614,1256934
3/17/2019,4.2288,4.13279,10975,12570,20065,9523,53133,2622,1285646
3/24/2019,3.68449,3.56166,9559,10484,16537,8206,44786,2596,1257449
3/31/2019,3.08744,3.05634,8621,8631,13608,6984,37844,2587,1238213
4/7/2019,2.69971,2.68251,7591,7486,11757,6071,32905,2597,1226648
4/14/2019,2.28549,2.26747,6739,6198,9988,4878,27803,2542,1226170
4/21/2019,2.01443,1.96931,6319,4930,7894,3979,23122,2517,1174114
4/28/2019,1.7141,1.72372,5689,4545,6617,3732,20583,2490,1194101
5/5/2019,1.56927,1.57693,5362,4080,6203,3203,18848,2459,1195232
5/12/2019,1.49991,1.46086,4785,3572,5903,2836,17096,2415,1170273
5/19/2019,1.50211,1.50759,4614,3458,5488,2789,16349,2302,1084443
5/26/2019,1.42357,1.40452,4597,3211,5227,2712,15747,2205,1121166
6/2/2019,1.39457,1.40617,4437,3094,4659,2580,14770,2179,1050372
6/9/2019,1.21776,1.23921,3930,2948,4110,2445,13433,2235,1083994
6/16/2019,1.11351,1.10622,3350,2606,3607,2055,11618,2139,1050239
6/23/2019,0.992293,1.01351,3046,2424,3282,1926,10678,2141,1053569
6/30/2019,0.947072,0.959926,2940,2175,3106,1765,9986,2063,1040288
7/7/2019,0.876088,0.873735,2433,1884,2676,1556,8549,2111,978443
7/14/2019,0.809956,0.795831,2344,1882,2660,1536,8422,2090,1058265
7/21/2019,0.755431,0.768849,2219,1861,2570,1461,8111,2132,1054954
7/28/2019,0.73346,0.748185,2128,1800,2451,1376,7755,2117,1036508
8/4/2019,0.72729,0.758451,2348,1829,2436,1261,7874,2128,1038168
8/11/2019,0.754637,0.77011,2089,2041,2384,1524,8038,2146,1043747
8/18/2019,0.730938,0.834825,2630,2047,2828,1482,8987,2178,1076513
8/25/2019,0.840615,0.942052,2907,2210,3501,1478,10096,2147,1071703
9/1/2019,0.989217,1.07895,3394,2539,4220,1664,11817,2169,1095230
9/8/2019,1.14059,1.20634,3801,2924,4535,1898,13158,2189,1090741
9/15/2019,1.23272,1.2757,3905,3296,5499,2131,14831,2221,1162580
9/22/2019,1.24529,1.39156,4463,3567,5673,2274,15977,2198,1148137
9/29/2019,1.33771,1.49698,4970,3875,6104,2465,17414,2180,1163278
10/6/2019,1.49064,1.50415,6218,4827,7658,3212,21915,2896,1456967
10/13/2019,1.59269,1.59823,6550,5147,7638,3618,22953,2924,1436150
10/20/2019,1.72517,1.73838,7273,5548,8277,3759,24857,2950,1429897
10/27/2019,1.83428,1.8605,7892,6080,9349,4098,27419,2980,1473740
11/3/2019,2.04049,2.01425,8658,6143,10068,4041,28910,2989,1435277
11/10/2019,2.39351,2.36364,10557,7182,12551,4296,34586,3007,1463253
11/17/2019,2.63245,2.64431,11446,7904,13671,4707,37728,2976,1426760
11/24/2019,2.91944,2.97548,12714,9138,17049,5247,44148,2971,1483729
12/1/2019,3.41066,3.44787,14389,9159,14717,5552,43817,2971,1270842
12/8/2019,3.2622,3.31577,13839,11943,16389,6706,48877,2977,1474075
12/15/2019,3.94308,3.86928,14728,12822,21877,7017,56444,2947,1458774
12/22/2019,5.06529,5.02757,17999,16225,29177,8183,71584,2913,1423829
12/29/2019,7.06161,7.15315,24097,24617,34004,13039,95757,2905,1338669
1/5/2020,5.91974,6.22926,21564,27650,23383,16084,88681,2957,1423620
1/12/2020,4.94176,5.06974,15547,23631,22747,13660,75585,2987,1490905
1/19/2020,5.33174,5.35782,16587,21395,29657,12107,79746,2983,1488404
1/26/2020,6.08106,6.0261,18558,23657,35216,12641,90072,2984,1494697
2/2/2020,6.74724,6.87271,20299,28889,44117,15002,108307,2984,1575900
2/9/2020,6.7998,7.08261,20270,29790,45491,15738,111289,2994,1571300
2/16/2020,6.11292,6.22068,17393,26428,36909,14688,95418,2958,1533883
2/23/2020,5.55671,5.62148,15233,22908,28328,13363,79832,2909,1420123
3/1/2020,5.12279,5.10226,13817,22125,25487,13380,74809,2934,1466192
3/8/2020,5.26652,5.28928,13888,23906,26396,14589,78779,2901,1489410
3/15/2020,5.67081,6.29229,14149,29657,27752,18013,89571,2836,1423503
3/22/2020,6.38029,7.35285,10790,30818,17512,19464,78584,2798,1068755
3/29/2020,4.91692,6.22687,5129,22408,8322,17283,53142,2727,853431
4/5/2020,3.78625,4.82995,2359,14964,4852,14076,36251,2684,750546
4/12/2020,2.80122,3.47366,1496,9995,3426,10057,24974,2686,718953
4/19/2020,2.12879,2.57382,1068,7423,2666,7108,18265,2666,709645
4/26/2020,1.73315,2.02032,926,6339,2317,5582,15164,2652,750576
5/3/2020,1.40932,1.62094,864,5291,2098,4564,12817,2624,790715
5/10/2020,1.18336,1.35262,729,4585,1889,3863,11066,2611,818113
5/17/2020,1.11451,1.23819,788,4112,1960,3620,10480,2601,846400
5/24/2020,1.00534,1.07598,1224,4375,2402,3734,11735,2971,1090638
5/31/2020,0.88827,0.885843,805,3572,1898,3339,9614,2950,1085294
6/7/2020,0.814062,0.819928,802,3440,1969,3114,9325,2931,1137295
6/14/2020,0.836751,0.814575,881,3454,2141,3104,9580,2902,1176074
6/21/2020,0.928456,0.950979,1006,4709,2679,3472,11866,2935,1247767
6/28/2020,1.14217,1.20306,1216,6241,3491,4551,15499,2896,1288294
7/5/2020,1.27401,1.38424,1395,7032,3970,5446,17843,2897,1289006
7/12/2020,1.34951,1.47311,1545,8010,4094,6397,20046,2918,1360798
7/19/2020,1.34471,1.43761,1658,7526,4075,6001,19260,2894,1339726
7/26/2020,1.22153,1.21898,1634,6105,3560,5234,16533,2953,1356301
8/2/2020,1.15258,1.15067,1609,5709,3497,4709,15524,2992,1349125
8/9/2020,1.0626,1.05662,1570,4977,3271,4299,14117,2956,1336052
8/16/2020,0.979884,0.981699,1592,4502,3167,3932,13193,2978,1343895
8/23/2020,0.969202,0.961833,1804,4305,3283,3560,12952,2930,1346595
8/30/2020,1.00022,0.970543,1866,4032,3951,3310,13159,2967,1355839
9/6/2020,0.920817,0.919002,1759,3773,3609,3175,12316,2921,1340149
9/13/2020,1.0355,0.978032,1999,3975,3822,3239,13035,2915,1332779
9/20/2020,0.974333,0.955677,2070,4070,3628,3281,13049,2943,1365420
9/27/2020,1.06462,1.03845,2286,4412,4366,3522,14586,2941,1404590
10/4/2020,1.09211,1.08024,2454,5091,4715,4206,16466,3246,1524289
10/11/2020,1.21201,1.19451,2558,6023,5239,5324,19144,3318,1602667
10/18/2020,1.11151,1.09796,2313,5661,4613,4648,17235,3301,1569727
10/25/2020,1.18662,1.15393,2454,5850,4834,4995,18133,3330,1571417
11/1/2020,1.25262,1.18924,2512,6082,4916,5044,18554,3421,1560158
11/8/2020,1.44427,1.33759,2726,7084,5825,5735,21370,3425,1597645
11/15/2020,1.48969,1.37845,2776,7677,5544,6601,22598,3391,1639379
11/22/2020,1.56064,1.43236,2692,7824,5342,6851,22709,3334,1585429
11/29/2020,1.61944,1.49959,2484,7091,4584,7154,21313,3333,1421255
12/6/2020,1.57347,1.44967,2597,7682,4861,7111,22251,3339,1534905
12/13/2020,1.51939,1.42617,2504,7519,4692,7388,22103,3358,1549810
12/20/2020,1.50599,1.39797,2482,7124,4282,6986,20874,3299,1493163
12/27/2020,1.55485,1.45725,2323,6627,3564,7322,19836,3301,1361197
1/3/2021,1.58903,1.53781,2583,7723,3933,8184,22423,3280,1458113
1/10/2021,1.47519,1.4348,2414,7976,4549,7772,22711,3316,1582870
1/17/2021,1.28752,1.2606,2297,6396,3975,6350,19018,3278,1508647
1/24/2021,1.25172,1.21098,2566,5876,4056,5852,18350,3315,1515305
1/31/2021,1.10177,1.12283,2558,5345,3953,5040,16896,3324,1504764
2/7/2021,1.16565,1.08237,2636,4995,4015,4452,16098,3295,1487296
2/14/2021,1.00609,0.975086,2552,4096,3730,3701,14079,3246,1443873
2/21/2021,0.986101,0.907555,2318,3708,3144,3421,12591,3256,1387354
2/28/2021,0.864388,0.860857,2543,3839,3541,3421,13344,3276,1550083
3/7/2021,0.828056,0.842356,2771,3532,3540,3157,13000,3278,1543291
3/14/2021,0.882103,0.902897,3218,3781,3806,3272,14077,3284,1559093
3/21/2021,0.908033,0.939382,3514,3936,3856,3268,14574,3227,1551445
3/28/2021,0.947577,0.96011,3817,4214,3915,3408,15354,3201,1599192
4/4/2021,0.975225,0.998141,4116,4394,4089,3394,15993,3257,1602279
4/11/2021,1.06101,1.07796,4731,5048,4685,3636,18100,3277,1679101
4/18/2021,1.08091,1.1089,5227,5290,4907,3741,19165,3282,1728295
4/25/2021,1.10326,1.1502,5763,4858,5093,3591,19305,3248,1678407
5/2/2021,1.13361,1.1834,6326,4810,5503,3460,20099,3256,1698411
5/9/2021,1.14992,1.20915,6822,4617,5401,3090,19930,3227,1648268
5/16/2021,1.19092,1.25462,7365,4362,5491,3149,20367,3214,1623366
5/23/2021,1.24677,1.26333,8352,4421,5414,3075,21262,3193,1683010
5/30/2021,1.14504,1.19095,7953,3990,4967,2765,19675,3141,1652047
6/6/2021,1.18454,1.25187,8502,3975,4854,2812,20143,3140,1609033
6/13/2021,1.12943,1.14521,8096,3692,4645,2749,19182,3110,1674977
6/20/2021,1.18866,1.18174,8503,3785,4594,2697,19579,3068,1656791
6/27/2021,1.21202,1.21001,8514,3814,4609,2953,19890,3057,1643793
7/4/2021,1.21342,1.21283,8369,4003,4757,2963,20092,3055,1656615
7/11/2021,1.26676,1.32905,8719,4859,5309,3484,22371,3055,1683237
7/18/2021,1.38728,1.44269,9193,6029,5930,4109,25261,3067,1750965
7/25/2021,1.6475,1.70926,10371,7958,7170,5046,30545,3067,1787028
8/1/2021,1.80199,1.91065,11132,9249,8572,6242,35195,3050,1842048
8/8/2021,1.94952,2.05206,11102,10544,8900,7210,37756,3050,1839909
8/15/2021,2.03548,2.15548,11264,11226,10105,7472,40067,3042,1858843
8/22/2021,2.1918,2.30581,11801,11013,12275,7632,42721,3029,1852756
8/29/2021,2.23897,2.30752,11982,10382,13529,7165,43058,3028,1865986
9/5/2021,2.26643,2.25253,11745,9557,13053,6509,40864,3027,1814136
9/12/2021,2.21298,2.21275,11705,9088,12250,6378,39421,3021,1781535
9/19/2021,2.045,2.00464,11248,7774,11578,5593,36193,3059,1805463
9/26/2021,1.90124,1.93759,10916,6853,11380,4827,33976,3037,1753523
10/3/2021,1.8442,1.84367,10133,5627,10040,4149,29949,2877,1624427
10/10/2021,2.04946,1.96951,13140,7466,13154,5775,39535,3501,2007349
10/17/2021,1.95317,1.90695,13072,7120,11985,5461,37638,3510,1973726
10/24/2021,1.92693,1.86187,12500,6458,11458,5298,35714,3474,1918176
10/31/2021,1.97792,1.89376,12859,6677,11888,5215,36639,3509,1934723
11/7/2021,2.14051,2.08777,13304,6968,14454,5304,40030,3515,1917361
11/14/2021,2.26691,2.22941,14565,7836,15840,5922,44163,3530,1980931
11/21/2021,2.41002,2.35687,14740,8523,17358,6455,47076,3526,1997393
11/28/2021,2.51362,2.45867,14918,8183,13401,6822,43324,3519,1762089
12/5/2021,2.56387,2.56351,15167,11304,17353,8905,52729,3545,2056903
12/12/2021,2.74219,2.71846,14971,11373,19971,8754,55069,3544,2025745
12/19/2021,3.1546,3.09823,16287,13615,23450,9193,62545,3518,2018736
12/26/2021,4.007,4.07867,18515,22557,25073,13080,79225,3496,1942424
1/2/2022,4.89397,5.06901,24109,38300,28952,22501,113862,3455,2246237
1/9/2022,4.29914,4.28066,17044,31478,24738,20002,93262,3487,2178681
1/16/2022,3.50099,3.41579,12223,21830,20214,14916,69183,3499,2025389
1/23/2022,2.77457,2.67796,9492,15006,13268,10732,48498,3503,1811003
1/30/2022,2.05464,1.97776,7309,9877,9526,8098,34810,3485,1760073
2/6/2022,1.66744,1.56091,6082,6431,7748,5570,25831,3415,1654872
2/13/2022,1.43558,1.34542,6395,5170,7610,4556,23731,3474,1763832
2/20/2022,1.48076,1.37085,6917,4645,8500,3884,23946,3474,1746795
2/27/2022,1.46137,1.37026,7057,4638,8330,3584,23609,3472,1722955
3/6/2022,1.57063,1.42301,7423,5008,9830,3540,25801,3470,1813130
3/13/2022,1.69692,1.54683,8210,5060,11085,3722,28077,3485,1815133
3/20/2022,1.83274,1.67881,9042,5914,12124,4279,31359,3454,1867926
3/27/2022,1.88031,1.73443,9302,5973,12648,4500,32423,3449,1869370
4/3/2022,1.99637,1.85462,9613,6759,13660,4790,34822,3443,1877580
4/10/2022,2.10974,1.99404,10562,7272,15187,5123,38144,3453,1912899
4/17/2022,2.18573,2.12964,11336,7838,16095,5697,40966,3446,1923613
4/24/2022,2.21825,2.1833,11734,8315,15748,6289,42086,3457,1927635
5/1/2022,2.31926,2.21509,12070,8422,16372,6556,43420,3426,1960190
5/8/2022,2.38743,2.4143,12835,9402,18631,6931,47799,3394,1979830
5/15/2022,2.5726,2.60892,14243,10135,19989,7658,52025,3376,1994121
5/22/2022,2.46368,2.60434,15055,10460,20746,7820,54081,3414,2076569
5/29/2022,2.39323,2.66831,14561,10167,19982,7675,52385,3351,1963229
6/5/2022,2.42307,2.64646,15809,10584,17507,7963,51863,3345,1959711
6/12/2022,2.15926,2.29329,14154,9654,13726,7706,45240,3342,1972714
6/19/2022,1.98659,2.0741,12858,8941,11205,7246,40250,3302,1940597
6/26/2022,1.87626,1.91807,11865,8676,9933,7356,37830,3355,1972297
7/3/2022,1.80173,1.80208,11066,8004,8513,6983,34566,3237,1918113
7/10/2022,1.81325,1.79307,10580,8380,8593,7430,34983,3345,1951013
7/17/2022,1.67273,1.66869,9525,8324,8111,7051,33011,3313,1978256
7/24/2022,1.65436,1.64913,9361,8219,8116,6915,32611,3313,1977461
7/31/2022,1.66503,1.64799,9153,8056,7859,6972,32040,3289,1944189
8/7/2022,1.52846,1.5292,8659,7295,7476,6211,29641,3305,1938338
8/14/2022,1.51766,1.51741,8329,6816,7813,5684,28642,3198,1887562
8/21/2022,1.59458,1.61916,9479,6659,9934,5500,31572,3293,1949894
8/28/2022,1.82581,1.81145,10792,7079,12593,5323,35787,3280,1975601
9/4/2022,1.9377,1.89564,11524,6980,13887,5122,37513,3260,1978914
9/11/2022,2.00147,1.94934,12548,6978,13475,5333,38334,3290,1966513
9/18/2022,2.03389,1.97433,13405,6751,14610,5072,39838,3322,2017799
9/25/2022,2.27821,2.19998,15939,6924,16713,5150,44726,3334,2033022
10/2/2022,2.35649,2.29832,17080,6945,16825,5471,46321,3353,2015431
10/9/2022,2.61257,2.59379,18503,10718,20141,7956,57318,3684,2209814
10/16/2022,3.00763,2.85133,20623,11519,22779,8467,63388,3720,2223106
10/23/2022,3.31975,3.31688,23713,13719,28368,9815,75615,3726,2279700
10/30/2022,4.3682,4.4466,32012,19586,45003,12895,109496,3788,2462467
11/6/2022,5.42144,5.54702,37474,25460,61015,15298,139247,3776,2510305
11/13/2022,5.73522,5.67263,38651,26941,57053,17410,140055,3793,2468962
11/20/2022,5.91793,5.73531,34849,28672,55229,18669,137419,3777,2396019
11/27/2022,7.42531,7.37142,39539,36157,62925,26315,164936,3765,2237505
12/4/2022,7.21822,7.24012,38495,48042,63623,35513,185673,3767,2564503
12/11/2022,6.87034,6.82928,32316,40778,62563,31591,167248,3750,2448985
12/18/2022,6.29772,6.46231,28976,38007,55613,29076,151672,3751,2347026
12/25/2022,6.00293,6.1412,25500,34587,41624,28267,129978,3715,2116491
1/1/2023,5.33838,5.46656,22891,31974,27251,30415,112531,3703,2058533
1/8/2023,3.93482,4.07732,16651,27662,21006,26715,92034,3740,2257219
1/15/2023,2.94564,3.05773,12231,19912,18061,17516,67720,3737,2214718
1/22/2023,2.63811,2.70671,11720,15844,16915,13291,57770,3730,2134322
1/29/2023,2.62522,2.67225,12170,15618,18680,11763,58231,3716,2179097
2/5/2023,2.58477,2.68591,12686,15506,19751,11383,59326,3734,2208786
2/12/2023,2.59148,2.70465,13271,15921,20964,12102,62258,3735,2301891
2/19/2023,2.5701,2.6371,13127,15055,19818,11665,59665,3695,2262519
2/26/2023,2.52707,2.58651,13478,13880,18410,11455,57223,3719,2212367
3/5/2023,2.4046,2.44348,12693,13849,18281,10859,55682,3725,2278801
3/12/2023,2.3571,2.40445,12840,13379,18388,10079,54686,3722,2274369
3/19/2023,2.3545,2.43524,13086,13264,17814,10099,54263,3713,2228243
3/26/2023,2.31096,2.41343,13043,13685,18685,9981,55394,3665,2295244
4/2/2023,2.25771,2.34891,12413,13208,18078,9643,53342,3688,2270922
4/9/2023,2.12953,2.20628,11586,11976,15673,9120,48355,3680,2191695
4/16/2023,2.01047,2.0726,11151,11853,14832,8889,46725,3665,2254413
4/23/2023,1.90776,1.95437,9912,11388,14788,8419,44507,3680,2277306
4/30/2023,1.90393,1.97315,10041,11176,15803,7782,44802,3677,2270577
5/7/2023,1.93608,2.0174,10013,11224,16115,8230,45582,3652,2259439
5/14/2023,1.90846,1.99349,10187,11067,16725,7790,45769,3654,2295923
5/21/2023,1.88236,1.96616,9740,10697,15517,7333,43287,3653,2201602
5/28/2023,1.83328,1.91398,9389,10386,14611,7130,41516,3518,2169098
6/4/2023,1.83857,1.93826,9568,10413,14220,7388,41589,3601,2145684
6/11/2023,1.57748,1.69283,8309,9954,11628,7048,36939,3583,2182091
6/18/2023,1.48614,1.57462,7741,9289,10223,6627,33880,3589,2151633
6/25/2023,1.36472,1.44401,6998,8727,8941,6223,30889,3582,2139112
7/2/2023,1.27095,1.32385,6388,8130,8012,5956,28486,3539,2151758
7/9/2023,1.22553,1.29091,5944,7472,7475,5757,26648,3569,2064286
7/16/2023,1.15793,1.20177,5608,7567,7043,5685,25903,3542,2155400
7/23/2023,1.12685,1.19268,5718,7476,6836,5772,25802,3560,2163359
7/30/2023,1.16805,1.23085,5812,7475,7046,6084,26417,3551,2146245
8/6/2023,1.20299,1.26099,5678,7979,6966,6273,26896,3542,2132922
8/13/2023,1.27357,1.35931,5982,8642,7764,6925,29313,3521,2156467
8/20/2023,1.44821,1.53965,6688,9791,9759,7425,33663,3533,2186399
8/27/2023,1.70391,1.8262,8234,11256,13151,8338,40979,3524,2243946
9/3/2023,1.93305,1.97735,8980,11792,14664,8975,44411,3537,2245988
9/10/2023,2.00204,2.0246,9546,11819,14159,9210,44734,3538,2209523
9/17/2023,1.94047,1.99147,9485,11798,14904,9100,45287,3558,2274050
9/24/2023,2.03761,2.13438,10912,11970,16162,9221,48265,3558,2261308
10/1/2023,2.08992,2.17945,11376,12299,16110,9484,49269,3552,2260617
10/8/2023,2.27908,2.26141,13519,13441,19001,10348,56309,4103,2489991
10/15/2023,2.33755,2.31454,14419,13964,18593,10527,57503,4124,2484429
10/22/2023,2.52242,2.51633,15704,14454,20290,12009,62457,4105,2482069
10/29/2023,2.71275,2.68605,16986,15480,22514,12794,67774,4135,2523186
11/5/2023,2.94538,2.91431,17793,16585,24797,13033,72208,4126,2477704
11/12/2023,3.40957,3.32818,21464,19331,29463,15200,85458,4122,2567706
11/19/2023,3.6903,3.5748,22031,21568,30863,16511,90973,4129,2544844
11/26/2023,3.92958,3.79115,22396,20391,25939,16796,85522,4141,2255831
12/3/2023,4.03334,3.96202,22638,28337,30346,22343,103664,4111,2616442
12/10/2023,4.38382,4.35865,23367,29030,38203,23569,114169,4073,2619366
12/17/2023,5.18426,5.21105,26102,35036,48365,26576,136079,4093,2611355
12/24/2023,6.23157,6.31482,29797,45268,53504,34741,163310,4062,2586137
12/31/2023,6.7962,6.90944,31368,49904,41682,43243,166197,4043,2405363
1/7/2024,5.71536,5.76408,24691,47024,32324,39911,143950,4078,2497365
1/14/2024,4.66576,4.7532,18090,36949,31314,31708,118061,4064,2483819
1/21/2024,4.32446,4.35295,16160,30578,29171,24202,100111,4084,2299842
1/28/2024,4.22972,4.22481,16238,31797,34392,23151,105578,4110,2498999
2/4/2024,4.42065,4.27996,17275,30429,38578,21664,107946,4093,2522125
2/11/2024,4.45705,4.40158,17971,31617,41796,21600,112984,4095,2566895
2/18/2024,4.35511,4.33696,17414,30780,39008,21211,108413,4088,2499747
2/25/2024,4.33545,4.32386,17611,31223,37089,21475,107398,4073,2483847
3/3/2024,4.0587,4.09674,17307,30505,35950,20938,104700,4058,2555691
3/10/2024,3.72797,3.74694,16504,26658,33084,18530,94776,4077,2529424
3/17/2024,3.39722,3.40146,15886,23711,29174,16218,84989,4022,2498605
3/24/2024,3.08528,3.15473,15075,21956,26537,14924,78492,4069,2488074
3/31/2024,2.97703,3.03883,14416,21208,23569,14590,73783,4060,2428005
4/7/2024,2.76586,2.83202,13933,20152,20521,13946,68552,4049,2420608
4/14/2024,2.53824,2.59248,13273,18246,19776,13228,64523,4064,2488849
4/21/2024,2.24747,2.29479,11850,15637,18343,11717,57547,4046,2507721
4/28/2024,2.19144,2.24787,11393,14892,18200,10933,55418,4020,2465351
5/5/2024,2.09931,2.14622,11132,14266,17618,10505,53521,3976,2493729
5/12/2024,2.00488,2.04206,10360,13410,16453,10190,50413,4018,2468736
5/19/2024,1.97657,2.03606,10406,13165,15797,10042,49410,3967,2426743
5/26/2024,1.90707,1.95861,9846,12852,14632,10243,47573,3921,2428922
6/2/2024,1.87651,1.92202,9662,11925,13377,9781,44745,3907,2328017
6/9/2024,1.66065,1.72659,8272,11763,11482,9708,41225,3886,2387650
6/16/2024,1.58178,1.60594,7428,10852,10240,9229,37749,3883,2350585
6/23/2024,1.49244,1.54276,6737,10989,9063,9021,35810,3881,2321170
6/30/2024,1.4663,1.49763,6270,10632,9104,9218,35224,3823,2351985
7/7/2024,1.37639,1.44721,5818,9483,8091,8738,32130,3865,2220134
7/14/2024,1.45548,1.44812,6105,10810,8834,9268,35017,3852,2418108
7/21/2024,1.45233,1.43633,5708,10232,8308,9109,33357,3798,2322374
7/28/2024,1.52211,1.50432,6025,10737,8686,9368,34816,3879,2314401
8/4/2024,1.53543,1.4951,6014,10829,8946,9230,35019,3889,2342255
8/11/2024,1.53984,1.50508,6283,10776,9107,8919,35085,3878,2331105
8/18/2024,1.56577,1.56538,6611,10927,10514,8997,37049,3888,2366776
8/25/2024,1.76988,1.76294,7612,11679,13436,9112,41839,3890,2373251
9/1/2024,1.93414,1.88944,8436,12221,15731,9288,45676,3890,2417432
9/8/2024,1.9202,1.90808,8653,12074,14746,9267,44740,3898,2344763
9/15/2024,1.95528,1.90654,8863,12549,15823,9419,46654,3844,2447051
9/22/2024,1.95303,1.94807,9493,12319,17190,9502,48504,3902,2489845
9/29/2024,1.93495,1.93698,9467,12155,16115,9109,46846,3877,2418511
10/6/2024,1.90515,1.84854,10165,12448,17720,9343,49676,4252,2687308
10/13/2024,2.02014,1.94416,10726,12821,18612,9497,51656,4271,2656989
10/20/2024,2.07037,2.00964,11015,13399,19379,9668,53461,4267,2660225
10/27/2024,2.22044,2.15518,12585,14378,22748,10103,59814,4269,2775354
11/3/2024,2.31725,2.23339,13397,15153,22160,10366,61076,4211,2734678
11/10/2024,2.4719,2.38624,15050,16209,23541,11183,65983,4258,2765142
11/17/2024,2.6917,2.57543,16289,16715,24586,11703,69293,4273,2690545
11/24/2024,2.88949,2.78848,18034,18031,27250,12547,75862,4237,2720548
12/1/2024,3.18283,3.12363,19868,17397,23723,12955,73943,4252,2367211
12/8/2024,3.318,3.24407,19972,22750,27032,17683,87437,4252,2695286
12/15/2024,3.78793,3.6863,22152,25094,33756,19756,100758,4251,2733307
12/22/2024,4.94489,4.80631,28860,33712,45537,24903,133012,4221,2767445
12/29/2024,6.74349,6.66381,37435,44780,48174,37022,167411,4217,2512241
1/5/2025,6.25398,6.16668,33451,48596,37513,44898,164458,4247,2666881
1/12/2025,5.30512,5.29401,23592,42897,35821,37184,139494,4243,2634939
1/19/2025,5.74558,5.69117,26014,44103,50231,36381,156729,4258,2753898
1/26/2025,6.98693,6.85658,30197,51025,59340,39142,179704,4263,2620898
2/2/2025,7.79904,7.42564,32917,59976,72394,49331,214618,4260,2890229
2/9/2025,7.84378,7.70557,35164,59740,76137,51611,222652,4250,2889494
2/16/2025,6.93692,7.05953,29512,52696,62336,48263,192807,4258,2731160
2/23/2025,5.90072,6.01799,24727,44764,46519,40798,156808,4245,2605653
3/2/2025,4.87406,4.83865,20599,37605,39077,35818,133099,4242,2750746
3/9/2025,4.26679,4.26517,18328,31463,35647,28678,114116,4237,2675535
3/16/2025,3.81006,3.86406,17084,28417,32943,25052,103496,4218,2678425
3/23/2025,3.25232,3.30602,15049,24061,28068,20390,87568,4204,2648741
3/30/2025,2.89999,2.95371,13724,21395,25244,16787,77150,4214,2611965
4/6/2025,2.56142,2.59783,12006,18536,21715,14403,66660,4199,2565984
4/13/2025,2.41001,2.37447,11713,16617,19889,12819,61038,4211,2570597
4/20/2025,2.26907,2.21028,11244,15597,17804,12088,56733,4200,2566784
4/27/2025,2.16609,2.09415,11075,15191,16556,11848,54670,4194,2610608
5/4/2025,1.99847,1.94426,10308,13307,15626,10777,50018,4141,2572600
5/11/2025,1.89628,1.83378,9846,12410,14998,10199,47453,4166,2587717
5/18/2025,1.86362,1.79185,10008,12011,14655,9808,46482,4152,2594072
5/25/2025,1.81452,1.75407,9721,11746,13736,9708,44911,4116,2560391
6/1/2025,1.82848,1.76618,9650,11635,12226,9767,43278,4122,2450379
6/8/2025,1.60298,1.55989,8223,11089,10157,9501,38970,3998,2498253
6/15/2025,1.4048,1.38371,7505,9738,8516,8575,34334,4103,2481307
6/22/2025,1.31933,1.28319,6472,9067,7609,8239,31387,4099,2446010
6/29/2025,1.17791,1.16189,5977,8278,6912,7597,28764,4089,2475613
7/6/2025,1.10483,1.08488,5109,7365,6173,6808,25455,4086,2346349
7/13/2025,1.15324,1.05419,5071,7904,6338,6959,26272,4037,2492152
7/20/2025,1.05532,1.00911,4495,7489,5927,6784,24695,4037,2447212
7/27/2025,1.03084,1.00283,4647,7822,6095,6479,25043,4056,2497232
8/3/2025,1.05587,1.01944,4529,7816,6130,6622,25097,3991,2461852
8/10/2025,1.14899,1.10167,4826,8490,6738,7129,27183,4058,2467428
8/17/2025,1.21036,1.1551,4945,8962,7788,7383,29078,3986,2517355
8/24/2025,1.443,1.41465,5908,10083,10521,7844,34356,3961,2428586
8/31/2025,1.78127,1.65885,6858,11664,13204,8943,40669,3886,2451641
9/7/2025,1.78106,1.68873,7221,12029,12475,9476,41201,3950,2439763
9/14/2025,1.73451,1.65694,7014,11992,12618,9457,41081,3907,2479323
9/21/2025,1.67932,1.61115,7384,11362,12617,9039,40402,3893,2507657
9/28/2025,1.68219,1.55805,7511,11159,0,4656,39771,4032,2552619
10/5/2025,1.61457,1.55634,8361,11183,0,4544,41299,4304,2653596
10/12/2025,1.6403,1.58365,8571,10976,0,4555,41305,4317,2608218
10/19/2025,1.69889,1.62359,8916,11062,0,4537,41715,4308,2569307
10/26/2025,1.74132,1.69136,9323,11562,0,4759,43981,4315,2600331
11/2/2025,1.8253,1.79241,9825,11577,0,4647,45302,4303,2527438
11/9/2025,2.11973,2.07044,11396,13509,0,5025,53905,4308,2603552
11/16/2025,2.2606,2.18501,11684,14197,0,5736,56180,4285,2571150
11/23/2025,2.49672,2.4747,12550,16279,0,6307,64071,4206,2589046